{
  "properties": {
    "connectionReferences": {
      "shared_sharepointonline_1": {
        "runtimeSource": "invoker",
        "connection": {
          "connectionReferenceLogicalName": "massjud_SPOList"
        },
        "api": {
          "name": "shared_sharepointonline"
        }
      }
    },
    "definition": {
      "$schema": "https://schema.management.azure.com/providers/Microsoft.Logic/schemas/2016-06-01/workflowdefinition.json#",
      "contentVersion": "1.0.0.0",
      "parameters": {
        "$connections": {
          "defaultValue": {},
          "type": "Object"
        },
        "$authentication": {
          "defaultValue": {},
          "type": "SecureObject"
        }
      },
      "triggers": {
        "manual": {
          "metadata": {
            "operationMetadataId": "368bc954-74ae-47cf-990e-724b22a31d97"
          },
          "type": "Request",
          "kind": "Button",
          "inputs": {
            "schema": {
              "type": "object",
              "properties": {},
              "required": []
            }
          }
        }
      },
      "actions": {
        "Send_an_HTTP_request_to_SharePoint": {
          "runAfter": {
            "Parse_JSON": [
              "Succeeded"
            ]
          },
          "metadata": {
            "operationMetadataId": "819bad89-23ed-45e7-bd27-6762e1ae4141"
          },
          "type": "OpenApiConnection",
          "inputs": {
            "host": {
              "connectionName": "shared_sharepointonline_1",
              "operationId": "HttpRequest",
              "apiId": "/providers/Microsoft.PowerApps/apis/shared_sharepointonline"
            },
            "parameters": {
              "dataset": "https://gov210645.sharepoint.com/sites/LaptopRequest",
              "parameters/method": "POST",
              "parameters/uri": "_api/Microsoft.Sharepoint.Utilities.WebTemplateExtensions.SiteScriptUtility.ExecuteTemplateScript()",
              "parameters/headers": {
                "accept": "application/json;odata=verbose",
                "content-type": "application/json;odata=verbose"
              },
              "parameters/body": "{\"script\": \"@{replace(replace(string(body('Parse_JSON')),'\\','\\\\'),'\"','\\\"')}\"}"
            },
            "authentication": {
              "type": "Raw",
              "value": "@json(decodeBase64(triggerOutputs().headers['X-MS-APIM-Tokens']))['$ConnectionKey']"
            }
          }
        },
        "Parse_JSON": {
          "runAfter": {
            "Compose": [
              "Succeeded"
            ]
          },
          "metadata": {
            "operationMetadataId": "2fb910fb-849f-4420-aa5e-8142f6153793"
          },
          "type": "ParseJson",
          "inputs": {
            "content": "@outputs('Compose')?['d']?['GetSiteScriptFromList']",
            "schema": {
              "type": "object",
              "properties": {
                "d": {
                  "type": "object",
                  "properties": {
                    "GetSiteScriptFromList": {
                      "type": "string"
                    }
                  }
                }
              }
            }
          }
        },
        "Compose": {
          "runAfter": {},
          "metadata": {
            "operationMetadataId": "84e26de8-46a3-4143-b4f0-a03eb34d13d5"
          },
          "type": "Compose",
          "inputs": {
            "d": {
              "GetSiteScriptFromList": "{\r\n  \"$schema\": \"https://developer.microsoft.com/json-schemas/sp/site-design-script-actions.schema.json\",\r\n  \"actions\": [\r\n    {\r\n      \"verb\": \"createSPList\",\r\n      \"listName\": \"[[LLocation0002_listName]]\",\r\n      \"templateType\": 100,\r\n      \"color\": \"[[LLocation0002_color]]\",\r\n      \"icon\": \"[[LLocation0002_icon]]\",\r\n      \"addNavLink\": \"[[LLocation0002_addNavLink]]\",\r\n      \"description\": \"[[LLocation0002_description]]\",\r\n      \"identity\": \"LLocation0002\",\r\n      \"subactions\": [\r\n        {\r\n          \"verb\": \"addSPFieldXml\",\r\n          \"schemaXml\": \"<Field ID=\\\"{fa564e0f-0c70-4ab9-b863-0177e6ddd247}\\\" Type=\\\"Text\\\" Name=\\\"Title\\\" DisplayName=\\\"Title\\\" Required=\\\"TRUE\\\" SourceID=\\\"http://schemas.microsoft.com/sharepoint/v3\\\" StaticName=\\\"Title\\\" FromBaseType=\\\"TRUE\\\" MaxLength=\\\"255\\\" />\"\r\n        },\r\n        {\r\n          \"verb\": \"addSPFieldXml\",\r\n          \"schemaXml\": \"<Field DisplayName=\\\"Region\\\" Format=\\\"Dropdown\\\" IsModern=\\\"TRUE\\\" MaxLength=\\\"255\\\" Name=\\\"Region\\\" Title=\\\"Region\\\" Type=\\\"Text\\\" ID=\\\"{db20fff8-112b-408b-9c8e-0fe30cfdc985}\\\" StaticName=\\\"Region\\\" />\"\r\n        },\r\n        {\r\n          \"verb\": \"addSPFieldXml\",\r\n          \"schemaXml\": \"<Field ID=\\\"{82642ec8-ef9b-478f-acf9-31f7d45fbc31}\\\" ReadOnly=\\\"TRUE\\\" Type=\\\"Computed\\\" Name=\\\"LinkTitle\\\" DisplayName=\\\"Title\\\" DisplayNameSrcField=\\\"Title\\\" ClassInfo=\\\"Menu\\\" AuthoringInfo=\\\"(linked to item with edit menu)\\\" ListItemMenuAllowed=\\\"Required\\\" LinkToItemAllowed=\\\"Prohibited\\\" SourceID=\\\"http://schemas.microsoft.com/sharepoint/v3\\\" StaticName=\\\"LinkTitle\\\" FromBaseType=\\\"TRUE\\\"><FieldRefs><FieldRef Name=\\\"Title\\\" /><FieldRef Name=\\\"LinkTitleNoMenu\\\" /><FieldRef Name=\\\"_EditMenuTableStart2\\\" /><FieldRef Name=\\\"_EditMenuTableEnd\\\" /></FieldRefs><DisplayPattern><FieldSwitch><Expr><GetVar Name=\\\"FreeForm\\\" /></Expr><Case Value=\\\"TRUE\\\"><Field Name=\\\"LinkTitleNoMenu\\\" /></Case><Default><HTML><![CDATA[<div class=\\\"ms-vb itx\\\" onmouseover=\\\"OnItem(this)\\\" CTXName=\\\"ctx]]></HTML><Field Name=\\\"_EditMenuTableStart2\\\" /><HTML><![CDATA[\\\">]]></HTML><Field Name=\\\"LinkTitleNoMenu\\\" /><HTML><![CDATA[</div>]]></HTML><HTML><![CDATA[<div class=\\\"s4-ctx\\\" onmouseover=\\\"OnChildItem(this.parentNode); return false;\\\">]]></HTML><HTML><![CDATA[<span>&nbsp;</span>]]></HTML><HTML><![CDATA[<a onfocus=\\\"OnChildItem(this.parentNode.parentNode); return false;\\\" onclick=\\\"PopMenuFromChevron(event); return false;\\\" href=\\\"javascript:;\\\" title=\\\"Open Menu\\\"></a>]]></HTML><HTML><![CDATA[<span>&nbsp;</span>]]></HTML><HTML><![CDATA[</div>]]></HTML></Default></FieldSwitch></DisplayPattern></Field>\"\r\n        },\r\n        {\r\n          \"verb\": \"addContentType\",\r\n          \"name\": \"Item\",\r\n          \"id\": \"0x01\",\r\n          \"fieldRefsXml\": [\r\n            \"<FieldRef ID=\\\"{fa564e0f-0c70-4ab9-b863-0177e6ddd247}\\\" Name=\\\"Title\\\" />\",\r\n            \"<FieldRef ID=\\\"{82642ec8-ef9b-478f-acf9-31f7d45fbc31}\\\" Name=\\\"LinkTitle\\\" DisplayName=\\\"Title\\\" ReadOnly=\\\"TRUE\\\" />\",\r\n            \"<FieldRef ID=\\\"{db20fff8-112b-408b-9c8e-0fe30cfdc985}\\\" Name=\\\"Region\\\" />\"\r\n          ]\r\n        },\r\n        {\r\n          \"verb\": \"addContentType\",\r\n          \"name\": \"Folder\",\r\n          \"id\": \"0x0120\"\r\n        },\r\n        {\r\n          \"verb\": \"addSPView\",\r\n          \"name\": \"All Items\",\r\n          \"viewFields\": [\r\n            \"LinkTitle\",\r\n            \"Region\"\r\n          ],\r\n          \"query\": \"\",\r\n          \"rowLimit\": 30,\r\n          \"isPaged\": true,\r\n          \"makeDefault\": true,\r\n          \"formatterJSON\": \"\",\r\n          \"replaceViewFields\": true\r\n        }\r\n      ]\r\n    },\r\n    {\r\n      \"verb\": \"createSPList\",\r\n      \"listName\": \"[[LFacilities_Managemen0001_listName]]\",\r\n      \"templateType\": 100,\r\n      \"color\": \"[[LFacilities_Managemen0001_color]]\",\r\n      \"icon\": \"[[LFacilities_Managemen0001_icon]]\",\r\n      \"addNavLink\": \"[[LFacilities_Managemen0001_addNavLink]]\",\r\n      \"description\": \"[[LFacilities_Managemen0001_description]]\",\r\n      \"identity\": \"LFacilities_Managemen0001\",\r\n      \"subactions\": [\r\n        {\r\n          \"verb\": \"addSPFieldXml\",\r\n          \"schemaXml\": \"<Field ID=\\\"{fa564e0f-0c70-4ab9-b863-0177e6ddd247}\\\" Type=\\\"Text\\\" Name=\\\"Title\\\" DisplayName=\\\"Title\\\" Required=\\\"TRUE\\\" SourceID=\\\"http://schemas.microsoft.com/sharepoint/v3\\\" StaticName=\\\"Title\\\" FromBaseType=\\\"TRUE\\\" MaxLength=\\\"255\\\" />\"\r\n        },\r\n        {\r\n          \"verb\": \"addSPFieldXml\",\r\n          \"schemaXml\": \"<Field DisplayName=\\\"FirstName\\\" Format=\\\"Dropdown\\\" IsModern=\\\"TRUE\\\" MaxLength=\\\"255\\\" Name=\\\"FirstName\\\" Title=\\\"FirstName\\\" Type=\\\"Text\\\" ID=\\\"{2f7027dc-554e-43b8-9891-063d7c432681}\\\" StaticName=\\\"FirstName\\\" />\"\r\n        },\r\n        {\r\n          \"verb\": \"addSPFieldXml\",\r\n          \"schemaXml\": \"<Field DisplayName=\\\"LastName\\\" Format=\\\"Dropdown\\\" IsModern=\\\"TRUE\\\" MaxLength=\\\"255\\\" Name=\\\"LastName\\\" Title=\\\"LastName\\\" Type=\\\"Text\\\" ID=\\\"{817515c8-f868-44ef-afb6-103087162192}\\\" StaticName=\\\"LastName\\\" />\"\r\n        },\r\n        {\r\n          \"verb\": \"addSPFieldXml\",\r\n          \"schemaXml\": \"<Field DisplayName=\\\"JobTitle\\\" Format=\\\"Dropdown\\\" IsModern=\\\"TRUE\\\" MaxLength=\\\"255\\\" Name=\\\"JobTitle\\\" Title=\\\"JobTitle\\\" Type=\\\"Text\\\" ID=\\\"{cf771177-eab0-4648-ab37-2568491323d7}\\\" StaticName=\\\"JobTitle\\\" />\"\r\n        },\r\n        {\r\n          \"verb\": \"addSPFieldXml\",\r\n          \"schemaXml\": \"<Field DisplayName=\\\"Department\\\" Format=\\\"Dropdown\\\" IsModern=\\\"TRUE\\\" MaxLength=\\\"255\\\" Name=\\\"Department\\\" Title=\\\"Department\\\" Type=\\\"Text\\\" ID=\\\"{9caa742c-970c-4e24-9ed6-04c945576694}\\\" StaticName=\\\"Department\\\" />\"\r\n        },\r\n        {\r\n          \"verb\": \"addSPFieldXml\",\r\n          \"schemaXml\": \"<Field DisplayName=\\\"Phone\\\" Format=\\\"Dropdown\\\" IsModern=\\\"TRUE\\\" MaxLength=\\\"255\\\" Name=\\\"Phone\\\" Title=\\\"Phone\\\" Type=\\\"Text\\\" ID=\\\"{99c59fae-a7eb-4c2d-9428-777abd25300e}\\\" StaticName=\\\"Phone\\\" />\"\r\n        },\r\n        {\r\n          \"verb\": \"addSPFieldXml\",\r\n          \"schemaXml\": \"<Field DisplayName=\\\"Email\\\" Format=\\\"Dropdown\\\" IsModern=\\\"TRUE\\\" MaxLength=\\\"255\\\" Name=\\\"Email\\\" Title=\\\"Email\\\" Type=\\\"Text\\\" ID=\\\"{1d2a97da-9603-4b64-9a9e-f35b91968f4a}\\\" StaticName=\\\"Email\\\" />\"\r\n        },\r\n        {\r\n          \"verb\": \"addSPLookupFieldXml\",\r\n          \"schemaXml\": \"<Field DisplayName=\\\"Location\\\" Format=\\\"Dropdown\\\" Indexed=\\\"FALSE\\\" IsModern=\\\"TRUE\\\" IsRelationship=\\\"FALSE\\\" Name=\\\"Location\\\" ShowField=\\\"Title\\\" Title=\\\"Location\\\" Type=\\\"Lookup\\\" ID=\\\"{d93988d6-d309-4ff9-aeb4-c1860208abc3}\\\" StaticName=\\\"Location\\\" />\",\r\n          \"targetListName\": \"Location\"\r\n        },\r\n        {\r\n          \"verb\": \"addSPLookupFieldXml\",\r\n          \"schemaXml\": \"<Field DisplayName=\\\"Location: Region\\\" FieldRef=\\\"d93988d6-d309-4ff9-aeb4-c1860208abc3\\\" Format=\\\"Dropdown\\\" IsModern=\\\"TRUE\\\" Name=\\\"Location_x003a__x0020_Region\\\" ShowField=\\\"Region\\\" Title=\\\"Location: Region\\\" Type=\\\"Lookup\\\" ID=\\\"{7ab550b2-1b12-4bd0-a46f-7ceb096d725b}\\\" StaticName=\\\"Location_x003a__x0020_Region\\\" ReadOnly=\\\"TRUE\\\" />\",\r\n          \"targetListName\": \"Location\"\r\n        },\r\n        {\r\n          \"verb\": \"addSPFieldXml\",\r\n          \"schemaXml\": \"<Field AppendOnly=\\\"FALSE\\\" Description=\\\"Specific Location in Courthouse / Facility\\\" DisplayName=\\\"Specific Location\\\" Format=\\\"Dropdown\\\" IsModern=\\\"TRUE\\\" IsolateStyles=\\\"FALSE\\\" Name=\\\"SpecificLocation\\\" RichText=\\\"FALSE\\\" RichTextMode=\\\"Compatible\\\" Title=\\\"Specific Location\\\" Type=\\\"Note\\\" ID=\\\"{035d8a12-cfc2-494b-809d-a0942c43c80b}\\\" StaticName=\\\"SpecificLocation\\\" />\"\r\n        },\r\n        {\r\n          \"verb\": \"addSPFieldXml\",\r\n          \"schemaXml\": \"<Field AppendOnly=\\\"FALSE\\\" DisplayName=\\\"Describe Request\\\" Format=\\\"Dropdown\\\" IsModern=\\\"TRUE\\\" IsolateStyles=\\\"FALSE\\\" Name=\\\"DescribeRequest\\\" RichText=\\\"FALSE\\\" RichTextMode=\\\"Compatible\\\" Title=\\\"Describe Request\\\" Type=\\\"Note\\\" ID=\\\"{09d7c121-b5c2-4830-8a52-1415c99ef5b1}\\\" StaticName=\\\"DescribeRequest\\\" />\"\r\n        },\r\n        {\r\n          \"verb\": \"addSPFieldXml\",\r\n          \"schemaXml\": \"<Field ID=\\\"{82642ec8-ef9b-478f-acf9-31f7d45fbc31}\\\" ReadOnly=\\\"TRUE\\\" Type=\\\"Computed\\\" Name=\\\"LinkTitle\\\" DisplayName=\\\"Title\\\" DisplayNameSrcField=\\\"Title\\\" ClassInfo=\\\"Menu\\\" AuthoringInfo=\\\"(linked to item with edit menu)\\\" ListItemMenuAllowed=\\\"Required\\\" LinkToItemAllowed=\\\"Prohibited\\\" SourceID=\\\"http://schemas.microsoft.com/sharepoint/v3\\\" StaticName=\\\"LinkTitle\\\" FromBaseType=\\\"TRUE\\\"><FieldRefs><FieldRef Name=\\\"Title\\\" /><FieldRef Name=\\\"LinkTitleNoMenu\\\" /><FieldRef Name=\\\"_EditMenuTableStart2\\\" /><FieldRef Name=\\\"_EditMenuTableEnd\\\" /></FieldRefs><DisplayPattern><FieldSwitch><Expr><GetVar Name=\\\"FreeForm\\\" /></Expr><Case Value=\\\"TRUE\\\"><Field Name=\\\"LinkTitleNoMenu\\\" /></Case><Default><HTML><![CDATA[<div class=\\\"ms-vb itx\\\" onmouseover=\\\"OnItem(this)\\\" CTXName=\\\"ctx]]></HTML><Field Name=\\\"_EditMenuTableStart2\\\" /><HTML><![CDATA[\\\">]]></HTML><Field Name=\\\"LinkTitleNoMenu\\\" /><HTML><![CDATA[</div>]]></HTML><HTML><![CDATA[<div class=\\\"s4-ctx\\\" onmouseover=\\\"OnChildItem(this.parentNode); return false;\\\">]]></HTML><HTML><![CDATA[<span>&nbsp;</span>]]></HTML><HTML><![CDATA[<a onfocus=\\\"OnChildItem(this.parentNode.parentNode); return false;\\\" onclick=\\\"PopMenuFromChevron(event); return false;\\\" href=\\\"javascript:;\\\" title=\\\"Open Menu\\\"></a>]]></HTML><HTML><![CDATA[<span>&nbsp;</span>]]></HTML><HTML><![CDATA[</div>]]></HTML></Default></FieldSwitch></DisplayPattern></Field>\"\r\n        },\r\n        {\r\n          \"verb\": \"addContentType\",\r\n          \"name\": \"Item\",\r\n          \"id\": \"0x01\",\r\n          \"fieldRefsXml\": [\r\n            \"<FieldRef ID=\\\"{fa564e0f-0c70-4ab9-b863-0177e6ddd247}\\\" Name=\\\"Title\\\" />\",\r\n            \"<FieldRef ID=\\\"{82642ec8-ef9b-478f-acf9-31f7d45fbc31}\\\" Name=\\\"LinkTitle\\\" DisplayName=\\\"Title\\\" ReadOnly=\\\"TRUE\\\" />\",\r\n            \"<FieldRef ID=\\\"{2f7027dc-554e-43b8-9891-063d7c432681}\\\" Name=\\\"FirstName\\\" />\",\r\n            \"<FieldRef ID=\\\"{817515c8-f868-44ef-afb6-103087162192}\\\" Name=\\\"LastName\\\" />\",\r\n            \"<FieldRef ID=\\\"{cf771177-eab0-4648-ab37-2568491323d7}\\\" Name=\\\"JobTitle\\\" />\",\r\n            \"<FieldRef ID=\\\"{9caa742c-970c-4e24-9ed6-04c945576694}\\\" Name=\\\"Department\\\" />\",\r\n            \"<FieldRef ID=\\\"{99c59fae-a7eb-4c2d-9428-777abd25300e}\\\" Name=\\\"Phone\\\" />\",\r\n            \"<FieldRef ID=\\\"{1d2a97da-9603-4b64-9a9e-f35b91968f4a}\\\" Name=\\\"Email\\\" />\",\r\n            \"<FieldRef ID=\\\"{d93988d6-d309-4ff9-aeb4-c1860208abc3}\\\" Name=\\\"Location\\\" />\",\r\n            \"<FieldRef ID=\\\"{7ab550b2-1b12-4bd0-a46f-7ceb096d725b}\\\" Name=\\\"Location_x003a__x0020_Region\\\" DisplayName=\\\"Location: Region\\\" ReadOnly=\\\"TRUE\\\" Format=\\\"Dropdown\\\" />\",\r\n            \"<FieldRef ID=\\\"{035d8a12-cfc2-494b-809d-a0942c43c80b}\\\" Name=\\\"SpecificLocation\\\" />\",\r\n            \"<FieldRef ID=\\\"{09d7c121-b5c2-4830-8a52-1415c99ef5b1}\\\" Name=\\\"DescribeRequest\\\" />\"\r\n          ]\r\n        },\r\n        {\r\n          \"verb\": \"addContentType\",\r\n          \"name\": \"Folder\",\r\n          \"id\": \"0x0120\"\r\n        },\r\n        {\r\n          \"verb\": \"addSPView\",\r\n          \"name\": \"All Items\",\r\n          \"viewFields\": [\r\n            \"LinkTitle\",\r\n            \"FirstName\",\r\n            \"LastName\",\r\n            \"JobTitle\",\r\n            \"Department\",\r\n            \"Phone\",\r\n            \"Email\",\r\n            \"Location\",\r\n            \"Location_x003a__x0020_Region\",\r\n            \"SpecificLocation\",\r\n            \"DescribeRequest\"\r\n          ],\r\n          \"query\": \"\",\r\n          \"rowLimit\": 30,\r\n          \"isPaged\": true,\r\n          \"makeDefault\": true,\r\n          \"formatterJSON\": \"\",\r\n          \"replaceViewFields\": true\r\n        }\r\n      ]\r\n    }\r\n  ],\r\n  \"bindings\": {\r\n    \"LFacilities_Managemen0001_listName\": {\r\n      \"source\": \"Input\",\r\n      \"defaultValue\": \"Facilities Management Service Request Form\"\r\n    },\r\n    \"LFacilities_Managemen0001_icon\": {\r\n      \"source\": \"Input\",\r\n      \"defaultValue\": \"2\"\r\n    },\r\n    \"LFacilities_Managemen0001_description\": {\r\n      \"source\": \"Input\",\r\n      \"defaultValue\": \" \"\r\n    },\r\n    \"LFacilities_Managemen0001_color\": {\r\n      \"source\": \"Input\",\r\n      \"defaultValue\": \"6\"\r\n    },\r\n    \"LFacilities_Managemen0001_addNavLink\": {\r\n      \"source\": \"Input\",\r\n      \"defaultValue\": \"true\"\r\n    },\r\n    \"LLocation0002_listName\": {\r\n      \"source\": \"Input\",\r\n      \"defaultValue\": \"Location\"\r\n    },\r\n    \"LLocation0002_icon\": {\r\n      \"source\": \"Input\",\r\n      \"defaultValue\": \"2\"\r\n    },\r\n    \"LLocation0002_description\": {\r\n      \"source\": \"Input\",\r\n      \"defaultValue\": \" \"\r\n    },\r\n    \"LLocation0002_color\": {\r\n      \"source\": \"Input\",\r\n      \"defaultValue\": \"6\"\r\n    },\r\n    \"LLocation0002_addNavLink\": {\r\n      \"source\": \"Input\",\r\n      \"defaultValue\": \"true\"\r\n    }\r\n  }\r\n}"
            }
          }
        }
      }
    },
    "templateName": ""
  },
  "schemaVersion": "1.0.0.0"
}