{
  "properties": {
    "connectionReferences": {
      "shared_sharepointonline_1": {
        "runtimeSource": "invoker",
        "connection": {
          "connectionReferenceLogicalName": "massjud_SPOList"
        },
        "api": {
          "name": "shared_sharepointonline"
        }
      }
    },
    "definition": {
      "$schema": "https://schema.management.azure.com/providers/Microsoft.Logic/schemas/2016-06-01/workflowdefinition.json#",
      "contentVersion": "1.0.0.0",
      "parameters": {
        "$connections": {
          "defaultValue": {},
          "type": "Object"
        },
        "$authentication": {
          "defaultValue": {},
          "type": "SecureObject"
        }
      },
      "triggers": {
        "manual": {
          "metadata": {
            "operationMetadataId": "368bc954-74ae-47cf-990e-724b22a31d97"
          },
          "type": "Request",
          "kind": "Button",
          "inputs": {
            "schema": {
              "type": "object",
              "properties": {},
              "required": []
            }
          }
        }
      },
      "actions": {
        "Send_an_HTTP_request_to_SharePoint": {
          "runAfter": {
            "Parse_JSON": [
              "Succeeded"
            ]
          },
          "metadata": {
            "operationMetadataId": "819bad89-23ed-45e7-bd27-6762e1ae4141"
          },
          "type": "OpenApiConnection",
          "inputs": {
            "host": {
              "connectionName": "shared_sharepointonline_1",
              "operationId": "HttpRequest",
              "apiId": "/providers/Microsoft.PowerApps/apis/shared_sharepointonline"
            },
            "parameters": {
              "dataset": "https://gov210645.sharepoint.com/sites/LaptopRequest",
              "parameters/method": "POST",
              "parameters/uri": "_api/Microsoft.Sharepoint.Utilities.WebTemplateExtensions.SiteScriptUtility.ExecuteTemplateScript()",
              "parameters/headers": {
                "accept": "application/json;odata=verbose",
                "content-type": "application/json;odata=verbose"
              },
              "parameters/body": "{\"script\": \"@{replace(replace(string(body('Parse_JSON')),'\\','\\\\'),'\"','\\\"')}\"}"
            },
            "authentication": {
              "type": "Raw",
              "value": "@json(decodeBase64(triggerOutputs().headers['X-MS-APIM-Tokens']))['$ConnectionKey']"
            }
          }
        },
        "Parse_JSON": {
          "runAfter": {
            "Compose": [
              "Succeeded"
            ]
          },
          "metadata": {
            "operationMetadataId": "2fb910fb-849f-4420-aa5e-8142f6153793"
          },
          "type": "ParseJson",
          "inputs": {
            "content": "@outputs('Compose')?['d']?['GetSiteScriptFromList']",
            "schema": {
              "type": "object",
              "properties": {
                "d": {
                  "type": "object",
                  "properties": {
                    "GetSiteScriptFromList": {
                      "type": "string"
                    }
                  }
                }
              }
            }
          }
        },
        "Compose": {
          "runAfter": {},
          "metadata": {
            "operationMetadataId": "84e26de8-46a3-4143-b4f0-a03eb34d13d5"
          },
          "type": "Compose",
          "inputs": {
            "d": {
              "GetSiteScriptFromList": "{\r\n  \"$schema\": \"https://developer.microsoft.com/json-schemas/sp/site-design-script-actions.schema.json\",\r\n  \"actions\": [\r\n    {\r\n      \"verb\": \"createSPList\",\r\n      \"listName\": \"[[LLocation0002_listName]]\",\r\n      \"templateType\": 100,\r\n      \"color\": \"[[LLocation0002_color]]\",\r\n      \"icon\": \"[[LLocation0002_icon]]\",\r\n      \"addNavLink\": \"[[LLocation0002_addNavLink]]\",\r\n      \"description\": \"[[LLocation0002_description]]\",\r\n      \"identity\": \"LLocation0002\",\r\n      \"subactions\": [\r\n        {\r\n          \"verb\": \"addSPFieldXml\",\r\n          \"schemaXml\": \"<Field ID=\\\"{fa564e0f-0c70-4ab9-b863-0177e6ddd247}\\\" Type=\\\"Text\\\" Name=\\\"Title\\\" DisplayName=\\\"Title\\\" Required=\\\"TRUE\\\" SourceID=\\\"http://schemas.microsoft.com/sharepoint/v3\\\" StaticName=\\\"Title\\\" FromBaseType=\\\"TRUE\\\" MaxLength=\\\"255\\\" />\"\r\n        },\r\n        {\r\n          \"verb\": \"addSPFieldXml\",\r\n          \"schemaXml\": \"<Field DisplayName=\\\"Region\\\" Format=\\\"Dropdown\\\" IsModern=\\\"TRUE\\\" MaxLength=\\\"255\\\" Name=\\\"Region\\\" Title=\\\"Region\\\" Type=\\\"Text\\\" ID=\\\"{db20fff8-112b-408b-9c8e-0fe30cfdc985}\\\" StaticName=\\\"Region\\\" />\"\r\n        },\r\n        {\r\n          \"verb\": \"addSPFieldXml\",\r\n          \"schemaXml\": \"<Field ID=\\\"{82642ec8-ef9b-478f-acf9-31f7d45fbc31}\\\" ReadOnly=\\\"TRUE\\\" Type=\\\"Computed\\\" Name=\\\"LinkTitle\\\" DisplayName=\\\"Title\\\" DisplayNameSrcField=\\\"Title\\\" ClassInfo=\\\"Menu\\\" AuthoringInfo=\\\"(linked to item with edit menu)\\\" ListItemMenuAllowed=\\\"Required\\\" LinkToItemAllowed=\\\"Prohibited\\\" SourceID=\\\"http://schemas.microsoft.com/sharepoint/v3\\\" StaticName=\\\"LinkTitle\\\" FromBaseType=\\\"TRUE\\\"><FieldRefs><FieldRef Name=\\\"Title\\\" /><FieldRef Name=\\\"LinkTitleNoMenu\\\" /><FieldRef Name=\\\"_EditMenuTableStart2\\\" /><FieldRef Name=\\\"_EditMenuTableEnd\\\" /></FieldRefs><DisplayPattern><FieldSwitch><Expr><GetVar Name=\\\"FreeForm\\\" /></Expr><Case Value=\\\"TRUE\\\"><Field Name=\\\"LinkTitleNoMenu\\\" /></Case><Default><HTML><![CDATA[<div class=\\\"ms-vb itx\\\" onmouseover=\\\"OnItem(this)\\\" CTXName=\\\"ctx]]></HTML><Field Name=\\\"_EditMenuTableStart2\\\" /><HTML><![CDATA[\\\">]]></HTML><Field Name=\\\"LinkTitleNoMenu\\\" /><HTML><![CDATA[</div>]]></HTML><HTML><![CDATA[<div class=\\\"s4-ctx\\\" onmouseover=\\\"OnChildItem(this.parentNode); return false;\\\">]]></HTML><HTML><![CDATA[<span>&nbsp;</span>]]></HTML><HTML><![CDATA[<a onfocus=\\\"OnChildItem(this.parentNode.parentNode); return false;\\\" onclick=\\\"PopMenuFromChevron(event); return false;\\\" href=\\\"javascript:;\\\" title=\\\"Open Menu\\\"></a>]]></HTML><HTML><![CDATA[<span>&nbsp;</span>]]></HTML><HTML><![CDATA[</div>]]></HTML></Default></FieldSwitch></DisplayPattern></Field>\"\r\n        },\r\n        {\r\n          \"verb\": \"addContentType\",\r\n          \"name\": \"Item\",\r\n          \"id\": \"0x01\",\r\n          \"fieldRefsXml\": [\r\n            \"<FieldRef ID=\\\"{fa564e0f-0c70-4ab9-b863-0177e6ddd247}\\\" Name=\\\"Title\\\" />\",\r\n            \"<FieldRef ID=\\\"{82642ec8-ef9b-478f-acf9-31f7d45fbc31}\\\" Name=\\\"LinkTitle\\\" DisplayName=\\\"Title\\\" ReadOnly=\\\"TRUE\\\" />\",\r\n            \"<FieldRef ID=\\\"{db20fff8-112b-408b-9c8e-0fe30cfdc985}\\\" Name=\\\"Region\\\" />\"\r\n          ]\r\n        },\r\n        {\r\n          \"verb\": \"addContentType\",\r\n          \"name\": \"Folder\",\r\n          \"id\": \"0x0120\"\r\n        },\r\n        {\r\n          \"verb\": \"addSPView\",\r\n          \"name\": \"All Items\",\r\n          \"viewFields\": [\r\n            \"LinkTitle\",\r\n            \"Region\"\r\n          ],\r\n          \"query\": \"\",\r\n          \"rowLimit\": 30,\r\n          \"isPaged\": true,\r\n          \"makeDefault\": true,\r\n          \"formatterJSON\": \"\",\r\n          \"replaceViewFields\": true\r\n        }\r\n      ]\r\n    },\r\n    {\r\n      \"verb\": \"createSPList\",\r\n      \"listName\": \"[[LFMS_PR0001_listName]]\",\r\n      \"templateType\": 100,\r\n      \"color\": \"[[LFMS_PR0001_color]]\",\r\n      \"icon\": \"[[LFMS_PR0001_icon]]\",\r\n      \"addNavLink\": \"[[LFMS_PR0001_addNavLink]]\",\r\n      \"description\": \"[[LFMS_PR0001_description]]\",\r\n      \"identity\": \"LFMS_PR0001\",\r\n      \"subactions\": [\r\n        {\r\n          \"verb\": \"addSPFieldXml\",\r\n          \"schemaXml\": \"<Field ID=\\\"{fa564e0f-0c70-4ab9-b863-0177e6ddd247}\\\" Type=\\\"Text\\\" Name=\\\"Title\\\" DisplayName=\\\"Title\\\" Required=\\\"TRUE\\\" SourceID=\\\"http://schemas.microsoft.com/sharepoint/v3\\\" StaticName=\\\"Title\\\" FromBaseType=\\\"TRUE\\\" MaxLength=\\\"255\\\" />\"\r\n        },\r\n        {\r\n          \"verb\": \"addSPFieldXml\",\r\n          \"schemaXml\": \"<Field DisplayName=\\\"FirstName\\\" Format=\\\"Dropdown\\\" IsModern=\\\"TRUE\\\" MaxLength=\\\"255\\\" Name=\\\"FirstName\\\" Title=\\\"FirstName\\\" Type=\\\"Text\\\" ID=\\\"{8f7f65d2-31a1-470c-94fd-73bbb196db4a}\\\" StaticName=\\\"FirstName\\\" />\"\r\n        },\r\n        {\r\n          \"verb\": \"addSPFieldXml\",\r\n          \"schemaXml\": \"<Field DisplayName=\\\"LastName\\\" Format=\\\"Dropdown\\\" IsModern=\\\"TRUE\\\" MaxLength=\\\"255\\\" Name=\\\"LastName\\\" Title=\\\"LastName\\\" Type=\\\"Text\\\" ID=\\\"{f9531616-a679-445f-aa5c-20b1fb853fe3}\\\" StaticName=\\\"LastName\\\" />\"\r\n        },\r\n        {\r\n          \"verb\": \"addSPFieldXml\",\r\n          \"schemaXml\": \"<Field ClientSideComponentId=\\\"00000000-0000-0000-0000-000000000000\\\" DisplayName=\\\"Date/Time\\\" FriendlyDisplayFormat=\\\"Relative\\\" Format=\\\"DateOnly\\\" Name=\\\"Date_x002f_Time\\\" Title=\\\"Date/Time\\\" Type=\\\"DateTime\\\" ID=\\\"{3ef08794-52eb-4e27-8ea1-da6bf4d3e979}\\\" StaticName=\\\"Date_x002f_Time\\\" />\"\r\n        },\r\n        {\r\n          \"verb\": \"addSPLookupFieldXml\",\r\n          \"schemaXml\": \"<Field ClientSideComponentId=\\\"00000000-0000-0000-0000-000000000000\\\" DisplayName=\\\"Location\\\" Format=\\\"Dropdown\\\" Indexed=\\\"FALSE\\\" Name=\\\"Locatio\\\" ShowField=\\\"Title\\\" Title=\\\"Location\\\" Type=\\\"Lookup\\\" ID=\\\"{1bf42945-8fab-4622-8644-1d10d3b6c163}\\\" StaticName=\\\"Locatio\\\" />\",\r\n          \"targetListName\": \"Location\"\r\n        },\r\n        {\r\n          \"verb\": \"addSPFieldXml\",\r\n          \"schemaXml\": \"<Field CustomFormatter=\\\"{&quot;elmType&quot;:&quot;div&quot;,&quot;style&quot;:{&quot;flex-wrap&quot;:&quot;wrap&quot;,&quot;display&quot;:&quot;flex&quot;},&quot;children&quot;:[{&quot;elmType&quot;:&quot;div&quot;,&quot;style&quot;:{&quot;box-sizing&quot;:&quot;border-box&quot;,&quot;padding&quot;:&quot;4px 8px 5px 8px&quot;,&quot;overflow&quot;:&quot;hidden&quot;,&quot;text-overflow&quot;:&quot;ellipsis&quot;,&quot;display&quot;:&quot;flex&quot;,&quot;border-radius&quot;:&quot;16px&quot;,&quot;height&quot;:&quot;24px&quot;,&quot;align-items&quot;:&quot;center&quot;,&quot;white-space&quot;:&quot;nowrap&quot;,&quot;margin&quot;:&quot;4px 4px 4px 4px&quot;},&quot;attributes&quot;:{&quot;class&quot;:{&quot;operator&quot;:&quot;:&quot;,&quot;operands&quot;:[{&quot;operator&quot;:&quot;==&quot;,&quot;operands&quot;:[&quot;@currentField&quot;,&quot;Purchase&quot;]},&quot;sp-css-backgroundColor-BgCornflowerBlue sp-field-fontSizeSmall sp-css-color-CornflowerBlueFont&quot;,{&quot;operator&quot;:&quot;:&quot;,&quot;operands&quot;:[{&quot;operator&quot;:&quot;==&quot;,&quot;operands&quot;:[&quot;@currentField&quot;,&quot;Service&quot;]},&quot;sp-css-backgroundColor-BgMintGreen sp-field-fontSizeSmall sp-css-color-MintGreenFont&quot;,{&quot;operator&quot;:&quot;:&quot;,&quot;operands&quot;:[{&quot;operator&quot;:&quot;==&quot;,&quot;operands&quot;:[&quot;@currentField&quot;,&quot;&quot;]},&quot;&quot;,&quot;sp-field-borderAllRegular sp-field-borderAllSolid sp-css-borderColor-neutralSecondary&quot;]}]}]}},&quot;txtContent&quot;:&quot;@currentField&quot;}],&quot;templateId&quot;:&quot;BgColorChoicePill&quot;}\\\" DisplayName=\\\"PurchaseService\\\" FillInChoice=\\\"FALSE\\\" Format=\\\"Dropdown\\\" IsModern=\\\"TRUE\\\" Name=\\\"PurchaseService\\\" Title=\\\"PurchaseService\\\" Type=\\\"Choice\\\" ID=\\\"{5c69ea4f-296b-4208-bf13-ac2869b2bd14}\\\" StaticName=\\\"PurchaseService\\\"><CHOICES><CHOICE>Purchase</CHOICE><CHOICE>Service</CHOICE></CHOICES></Field>\"\r\n        },\r\n        {\r\n          \"verb\": \"addSPFieldXml\",\r\n          \"schemaXml\": \"<Field CustomFormatter=\\\"{&quot;elmType&quot;:&quot;div&quot;,&quot;style&quot;:{&quot;flex-wrap&quot;:&quot;wrap&quot;,&quot;display&quot;:&quot;flex&quot;},&quot;children&quot;:[{&quot;elmType&quot;:&quot;div&quot;,&quot;style&quot;:{&quot;box-sizing&quot;:&quot;border-box&quot;,&quot;padding&quot;:&quot;4px 8px 5px 8px&quot;,&quot;overflow&quot;:&quot;hidden&quot;,&quot;text-overflow&quot;:&quot;ellipsis&quot;,&quot;display&quot;:&quot;flex&quot;,&quot;border-radius&quot;:&quot;16px&quot;,&quot;height&quot;:&quot;24px&quot;,&quot;align-items&quot;:&quot;center&quot;,&quot;white-space&quot;:&quot;nowrap&quot;,&quot;margin&quot;:&quot;4px 4px 4px 4px&quot;},&quot;attributes&quot;:{&quot;class&quot;:{&quot;operator&quot;:&quot;:&quot;,&quot;operands&quot;:[{&quot;operator&quot;:&quot;==&quot;,&quot;operands&quot;:[&quot;@currentField&quot;,&quot;Yes&quot;]},&quot;sp-css-backgroundColor-BgCornflowerBlue sp-field-fontSizeSmall sp-css-color-CornflowerBlueFont&quot;,{&quot;operator&quot;:&quot;:&quot;,&quot;operands&quot;:[{&quot;operator&quot;:&quot;==&quot;,&quot;operands&quot;:[&quot;@currentField&quot;,&quot;No&quot;]},&quot;sp-css-backgroundColor-BgMintGreen sp-field-fontSizeSmall sp-css-color-MintGreenFont&quot;,{&quot;operator&quot;:&quot;:&quot;,&quot;operands&quot;:[{&quot;operator&quot;:&quot;==&quot;,&quot;operands&quot;:[&quot;@currentField&quot;,&quot;&quot;]},&quot;&quot;,&quot;sp-field-borderAllRegular sp-field-borderAllSolid sp-css-borderColor-neutralSecondary&quot;]}]}]}},&quot;txtContent&quot;:&quot;@currentField&quot;}],&quot;templateId&quot;:&quot;BgColorChoicePill&quot;}\\\" Description=\\\"Purchased through COMMBUYS\\\" DisplayName=\\\"COMMBUYS\\\" FillInChoice=\\\"FALSE\\\" Format=\\\"Dropdown\\\" IsModern=\\\"TRUE\\\" Name=\\\"COMMBUYS\\\" Title=\\\"COMMBUYS\\\" Type=\\\"Choice\\\" ID=\\\"{f759c63c-79cb-4087-8add-92c8d3062b3a}\\\" StaticName=\\\"COMMBUYS\\\"><CHOICES><CHOICE>Yes</CHOICE><CHOICE>No</CHOICE></CHOICES></Field>\"\r\n        },\r\n        {\r\n          \"verb\": \"addSPFieldXml\",\r\n          \"schemaXml\": \"<Field DisplayName=\\\"Contractor/Vendor\\\" Format=\\\"Dropdown\\\" IsModern=\\\"TRUE\\\" MaxLength=\\\"255\\\" Name=\\\"Contractor_x002f_Vendor\\\" Title=\\\"Contractor/Vendor\\\" Type=\\\"Text\\\" ID=\\\"{c2ff1f29-63ac-40c5-b278-a158578ea22a}\\\" StaticName=\\\"Contractor_x002f_Vendor\\\" />\"\r\n        },\r\n        {\r\n          \"verb\": \"addSPFieldXml\",\r\n          \"schemaXml\": \"<Field CustomFormatter=\\\"{&quot;elmType&quot;:&quot;div&quot;,&quot;style&quot;:{&quot;flex-wrap&quot;:&quot;wrap&quot;,&quot;display&quot;:&quot;flex&quot;},&quot;children&quot;:[{&quot;elmType&quot;:&quot;div&quot;,&quot;style&quot;:{&quot;box-sizing&quot;:&quot;border-box&quot;,&quot;padding&quot;:&quot;4px 8px 5px 8px&quot;,&quot;overflow&quot;:&quot;hidden&quot;,&quot;text-overflow&quot;:&quot;ellipsis&quot;,&quot;display&quot;:&quot;flex&quot;,&quot;border-radius&quot;:&quot;16px&quot;,&quot;height&quot;:&quot;24px&quot;,&quot;align-items&quot;:&quot;center&quot;,&quot;white-space&quot;:&quot;nowrap&quot;,&quot;margin&quot;:&quot;4px 4px 4px 4px&quot;},&quot;attributes&quot;:{&quot;class&quot;:{&quot;operator&quot;:&quot;:&quot;,&quot;operands&quot;:[{&quot;operator&quot;:&quot;==&quot;,&quot;operands&quot;:[&quot;@currentField&quot;,&quot;Yes&quot;]},&quot;sp-css-backgroundColor-BgCornflowerBlue sp-field-fontSizeSmall sp-css-color-CornflowerBlueFont&quot;,{&quot;operator&quot;:&quot;:&quot;,&quot;operands&quot;:[{&quot;operator&quot;:&quot;==&quot;,&quot;operands&quot;:[&quot;@currentField&quot;,&quot;No&quot;]},&quot;sp-css-backgroundColor-BgMintGreen sp-field-fontSizeSmall sp-css-color-MintGreenFont&quot;,{&quot;operator&quot;:&quot;:&quot;,&quot;operands&quot;:[{&quot;operator&quot;:&quot;==&quot;,&quot;operands&quot;:[&quot;@currentField&quot;,&quot;&quot;]},&quot;&quot;,&quot;sp-field-borderAllRegular sp-field-borderAllSolid sp-css-borderColor-neutralSecondary&quot;]}]}]}},&quot;txtContent&quot;:&quot;@currentField&quot;}],&quot;templateId&quot;:&quot;BgColorChoicePill&quot;}\\\" Description=\\\"TRD Contract Being Used for service over $10,000\\\" DisplayName=\\\"TRD\\\" FillInChoice=\\\"FALSE\\\" Format=\\\"Dropdown\\\" IsModern=\\\"TRUE\\\" Name=\\\"TRD\\\" Title=\\\"TRD\\\" Type=\\\"Choice\\\" ID=\\\"{de215506-7b50-4742-a0bc-8507b5444b53}\\\" StaticName=\\\"TRD\\\"><CHOICES><CHOICE>Yes</CHOICE><CHOICE>No</CHOICE></CHOICES></Field>\"\r\n        },\r\n        {\r\n          \"verb\": \"addSPFieldXml\",\r\n          \"schemaXml\": \"<Field Description=\\\"Vendor Contact Person (if necessary)\\\" DisplayName=\\\"VendorFirstName\\\" Format=\\\"Dropdown\\\" IsModern=\\\"TRUE\\\" MaxLength=\\\"255\\\" Name=\\\"VendorFirstName\\\" Title=\\\"VendorFirstName\\\" Type=\\\"Text\\\" ID=\\\"{bf6138cf-6c94-42f9-869b-e1fa9001d513}\\\" StaticName=\\\"VendorFirstName\\\" />\"\r\n        },\r\n        {\r\n          \"verb\": \"addSPFieldXml\",\r\n          \"schemaXml\": \"<Field Description=\\\"Vendor Contact Person (if necessary)\\\" DisplayName=\\\"VendorLastName\\\" Format=\\\"Dropdown\\\" IsModern=\\\"TRUE\\\" MaxLength=\\\"255\\\" Name=\\\"VendorLastName\\\" Title=\\\"VendorLastName\\\" Type=\\\"Text\\\" ID=\\\"{3e7855dd-b289-4f76-bd95-c5f56309be3c}\\\" StaticName=\\\"VendorLastName\\\" />\"\r\n        },\r\n        {\r\n          \"verb\": \"addSPFieldXml\",\r\n          \"schemaXml\": \"<Field Description=\\\"Vendor Contact Phone (if necessary)\\\" DisplayName=\\\"VendorPhone\\\" Format=\\\"Dropdown\\\" IsModern=\\\"TRUE\\\" MaxLength=\\\"255\\\" Name=\\\"VendorPhone\\\" Title=\\\"VendorPhone\\\" Type=\\\"Text\\\" ID=\\\"{91ddddae-a194-4d45-87aa-46750475be75}\\\" StaticName=\\\"VendorPhone\\\" />\"\r\n        },\r\n        {\r\n          \"verb\": \"addSPFieldXml\",\r\n          \"schemaXml\": \"<Field AppendOnly=\\\"FALSE\\\" DisplayName=\\\"Description\\\" Format=\\\"Dropdown\\\" IsModern=\\\"TRUE\\\" IsolateStyles=\\\"FALSE\\\" Name=\\\"Description\\\" RichText=\\\"FALSE\\\" RichTextMode=\\\"Compatible\\\" Title=\\\"Description\\\" Type=\\\"Note\\\" ID=\\\"{27b1cffe-b9a5-4638-a37b-186ef30e7d42}\\\" StaticName=\\\"Description\\\" />\"\r\n        },\r\n        {\r\n          \"verb\": \"addSPFieldXml\",\r\n          \"schemaXml\": \"<Field CommaSeparator=\\\"TRUE\\\" CustomUnitOnRight=\\\"TRUE\\\" DisplayName=\\\"Estimate/Quote\\\" Format=\\\"Dropdown\\\" IsModern=\\\"TRUE\\\" Name=\\\"Estimate_x002f_Quote\\\" Percentage=\\\"FALSE\\\" Title=\\\"Estimate/Quote\\\" Type=\\\"Number\\\" Unit=\\\"Dollar\\\" ID=\\\"{2e8e4154-2240-4890-a4b0-c52ef6e34a8f}\\\" StaticName=\\\"Estimate_x002f_Quote\\\" />\"\r\n        },\r\n        {\r\n          \"verb\": \"addSPFieldXml\",\r\n          \"schemaXml\": \"<Field ID=\\\"{82642ec8-ef9b-478f-acf9-31f7d45fbc31}\\\" ReadOnly=\\\"TRUE\\\" Type=\\\"Computed\\\" Name=\\\"LinkTitle\\\" DisplayName=\\\"Title\\\" DisplayNameSrcField=\\\"Title\\\" ClassInfo=\\\"Menu\\\" AuthoringInfo=\\\"(linked to item with edit menu)\\\" ListItemMenuAllowed=\\\"Required\\\" LinkToItemAllowed=\\\"Prohibited\\\" SourceID=\\\"http://schemas.microsoft.com/sharepoint/v3\\\" StaticName=\\\"LinkTitle\\\" FromBaseType=\\\"TRUE\\\"><FieldRefs><FieldRef Name=\\\"Title\\\" /><FieldRef Name=\\\"LinkTitleNoMenu\\\" /><FieldRef Name=\\\"_EditMenuTableStart2\\\" /><FieldRef Name=\\\"_EditMenuTableEnd\\\" /></FieldRefs><DisplayPattern><FieldSwitch><Expr><GetVar Name=\\\"FreeForm\\\" /></Expr><Case Value=\\\"TRUE\\\"><Field Name=\\\"LinkTitleNoMenu\\\" /></Case><Default><HTML><![CDATA[<div class=\\\"ms-vb itx\\\" onmouseover=\\\"OnItem(this)\\\" CTXName=\\\"ctx]]></HTML><Field Name=\\\"_EditMenuTableStart2\\\" /><HTML><![CDATA[\\\">]]></HTML><Field Name=\\\"LinkTitleNoMenu\\\" /><HTML><![CDATA[</div>]]></HTML><HTML><![CDATA[<div class=\\\"s4-ctx\\\" onmouseover=\\\"OnChildItem(this.parentNode); return false;\\\">]]></HTML><HTML><![CDATA[<span>&nbsp;</span>]]></HTML><HTML><![CDATA[<a onfocus=\\\"OnChildItem(this.parentNode.parentNode); return false;\\\" onclick=\\\"PopMenuFromChevron(event); return false;\\\" href=\\\"javascript:;\\\" title=\\\"Open Menu\\\"></a>]]></HTML><HTML><![CDATA[<span>&nbsp;</span>]]></HTML><HTML><![CDATA[</div>]]></HTML></Default></FieldSwitch></DisplayPattern></Field>\"\r\n        },\r\n        {\r\n          \"verb\": \"addContentType\",\r\n          \"name\": \"Item\",\r\n          \"id\": \"0x01\",\r\n          \"fieldRefsXml\": [\r\n            \"<FieldRef ID=\\\"{fa564e0f-0c70-4ab9-b863-0177e6ddd247}\\\" Name=\\\"Title\\\" />\",\r\n            \"<FieldRef ID=\\\"{82642ec8-ef9b-478f-acf9-31f7d45fbc31}\\\" Name=\\\"LinkTitle\\\" DisplayName=\\\"Title\\\" ReadOnly=\\\"TRUE\\\" />\",\r\n            \"<FieldRef ID=\\\"{8f7f65d2-31a1-470c-94fd-73bbb196db4a}\\\" Name=\\\"FirstName\\\" />\",\r\n            \"<FieldRef ID=\\\"{f9531616-a679-445f-aa5c-20b1fb853fe3}\\\" Name=\\\"LastName\\\" />\",\r\n            \"<FieldRef ID=\\\"{3ef08794-52eb-4e27-8ea1-da6bf4d3e979}\\\" Name=\\\"Date_x002f_Time\\\" DisplayName=\\\"Date/Time\\\" Format=\\\"DateOnly\\\" />\",\r\n            \"<FieldRef ID=\\\"{1bf42945-8fab-4622-8644-1d10d3b6c163}\\\" Name=\\\"Locatio\\\" DisplayName=\\\"Location\\\" Format=\\\"Dropdown\\\" />\",\r\n            \"<FieldRef ID=\\\"{5c69ea4f-296b-4208-bf13-ac2869b2bd14}\\\" Name=\\\"PurchaseService\\\" />\",\r\n            \"<FieldRef ID=\\\"{f759c63c-79cb-4087-8add-92c8d3062b3a}\\\" Name=\\\"COMMBUYS\\\" />\",\r\n            \"<FieldRef ID=\\\"{c2ff1f29-63ac-40c5-b278-a158578ea22a}\\\" Name=\\\"Contractor_x002f_Vendor\\\" DisplayName=\\\"Contractor/Vendor\\\" Format=\\\"Dropdown\\\" />\",\r\n            \"<FieldRef ID=\\\"{de215506-7b50-4742-a0bc-8507b5444b53}\\\" Name=\\\"TRD\\\" />\",\r\n            \"<FieldRef ID=\\\"{bf6138cf-6c94-42f9-869b-e1fa9001d513}\\\" Name=\\\"VendorFirstName\\\" />\",\r\n            \"<FieldRef ID=\\\"{3e7855dd-b289-4f76-bd95-c5f56309be3c}\\\" Name=\\\"VendorLastName\\\" />\",\r\n            \"<FieldRef ID=\\\"{91ddddae-a194-4d45-87aa-46750475be75}\\\" Name=\\\"VendorPhone\\\" />\",\r\n            \"<FieldRef ID=\\\"{27b1cffe-b9a5-4638-a37b-186ef30e7d42}\\\" Name=\\\"Description\\\" />\",\r\n            \"<FieldRef ID=\\\"{2e8e4154-2240-4890-a4b0-c52ef6e34a8f}\\\" Name=\\\"Estimate_x002f_Quote\\\" DisplayName=\\\"Estimate/Quote\\\" Format=\\\"Dropdown\\\" />\"\r\n          ]\r\n        },\r\n        {\r\n          \"verb\": \"addContentType\",\r\n          \"name\": \"Folder\",\r\n          \"id\": \"0x0120\"\r\n        },\r\n        {\r\n          \"verb\": \"addSPView\",\r\n          \"name\": \"All Items\",\r\n          \"viewFields\": [\r\n            \"LinkTitle\",\r\n            \"FirstName\",\r\n            \"LastName\",\r\n            \"Date_x002f_Time\",\r\n            \"Locatio\",\r\n            \"PurchaseService\",\r\n            \"COMMBUYS\",\r\n            \"Contractor_x002f_Vendor\",\r\n            \"TRD\",\r\n            \"VendorFirstName\",\r\n            \"VendorLastName\",\r\n            \"VendorPhone\",\r\n            \"Description\",\r\n            \"Estimate_x002f_Quote\"\r\n          ],\r\n          \"query\": \"\",\r\n          \"rowLimit\": 30,\r\n          \"isPaged\": true,\r\n          \"makeDefault\": true,\r\n          \"formatterJSON\": \"\",\r\n          \"replaceViewFields\": true\r\n        }\r\n      ]\r\n    }\r\n  ],\r\n  \"bindings\": {\r\n    \"LFMS_PR0001_listName\": {\r\n      \"source\": \"Input\",\r\n      \"defaultValue\": \"FMS-PR\"\r\n    },\r\n    \"LFMS_PR0001_icon\": {\r\n      \"source\": \"Input\",\r\n      \"defaultValue\": \"11\"\r\n    },\r\n    \"LFMS_PR0001_description\": {\r\n      \"source\": \"Input\",\r\n      \"defaultValue\": \"Facilities Management Service/Purchase Request\"\r\n    },\r\n    \"LFMS_PR0001_color\": {\r\n      \"source\": \"Input\",\r\n      \"defaultValue\": \"4\"\r\n    },\r\n    \"LFMS_PR0001_addNavLink\": {\r\n      \"source\": \"Input\",\r\n      \"defaultValue\": \"true\"\r\n    },\r\n    \"LLocation0002_listName\": {\r\n      \"source\": \"Input\",\r\n      \"defaultValue\": \"Location\"\r\n    },\r\n    \"LLocation0002_icon\": {\r\n      \"source\": \"Input\",\r\n      \"defaultValue\": \"2\"\r\n    },\r\n    \"LLocation0002_description\": {\r\n      \"source\": \"Input\",\r\n      \"defaultValue\": \" \"\r\n    },\r\n    \"LLocation0002_color\": {\r\n      \"source\": \"Input\",\r\n      \"defaultValue\": \"6\"\r\n    },\r\n    \"LLocation0002_addNavLink\": {\r\n      \"source\": \"Input\",\r\n      \"defaultValue\": \"true\"\r\n    }\r\n  }\r\n}"
            }
          }
        }
      }
    },
    "templateName": ""
  },
  "schemaVersion": "1.0.0.0"
}