{
  "properties": {
    "connectionReferences": {
      "shared_sharepointonline_1": {
        "runtimeSource": "invoker",
        "connection": {
          "connectionReferenceLogicalName": "massjud_SPOList"
        },
        "api": {
          "name": "shared_sharepointonline"
        }
      }
    },
    "definition": {
      "$schema": "https://schema.management.azure.com/providers/Microsoft.Logic/schemas/2016-06-01/workflowdefinition.json#",
      "contentVersion": "1.0.0.0",
      "parameters": {
        "$connections": {
          "defaultValue": {},
          "type": "Object"
        },
        "$authentication": {
          "defaultValue": {},
          "type": "SecureObject"
        }
      },
      "triggers": {
        "manual": {
          "metadata": {
            "operationMetadataId": "368bc954-74ae-47cf-990e-724b22a31d97"
          },
          "type": "Request",
          "kind": "Button",
          "inputs": {
            "schema": {
              "type": "object",
              "properties": {},
              "required": []
            }
          }
        }
      },
      "actions": {
        "Send_an_HTTP_request_to_SharePoint": {
          "runAfter": {
            "Parse_JSON": [
              "Succeeded"
            ]
          },
          "metadata": {
            "operationMetadataId": "819bad89-23ed-45e7-bd27-6762e1ae4141"
          },
          "type": "OpenApiConnection",
          "inputs": {
            "host": {
              "connectionName": "shared_sharepointonline_1",
              "operationId": "HttpRequest",
              "apiId": "/providers/Microsoft.PowerApps/apis/shared_sharepointonline"
            },
            "parameters": {
              "dataset": "https://gov210645.sharepoint.com/sites/LaptopRequest",
              "parameters/method": "POST",
              "parameters/uri": "_api/Microsoft.Sharepoint.Utilities.WebTemplateExtensions.SiteScriptUtility.ExecuteTemplateScript()",
              "parameters/headers": {
                "accept": "application/json;odata=verbose",
                "content-type": "application/json;odata=verbose"
              },
              "parameters/body": "{\"script\": \"@{replace(replace(string(body('Parse_JSON')),'\\','\\\\'),'\"','\\\"')}\"}"
            },
            "authentication": {
              "type": "Raw",
              "value": "@json(decodeBase64(triggerOutputs().headers['X-MS-APIM-Tokens']))['$ConnectionKey']"
            }
          }
        },
        "Parse_JSON": {
          "runAfter": {
            "Compose": [
              "Succeeded"
            ]
          },
          "metadata": {
            "operationMetadataId": "2fb910fb-849f-4420-aa5e-8142f6153793"
          },
          "type": "ParseJson",
          "inputs": {
            "content": "@outputs('Compose')?['d']?['GetSiteScriptFromList']",
            "schema": {
              "type": "object",
              "properties": {
                "d": {
                  "type": "object",
                  "properties": {
                    "GetSiteScriptFromList": {
                      "type": "string"
                    }
                  }
                }
              }
            }
          }
        },
        "Compose": {
          "runAfter": {},
          "metadata": {
            "operationMetadataId": "84e26de8-46a3-4143-b4f0-a03eb34d13d5"
          },
          "type": "Compose",
          "inputs": {
            "d": {
              "GetSiteScriptFromList": "{\r\n  \"$schema\": \"https://developer.microsoft.com/json-schemas/sp/site-design-script-actions.schema.json\",\r\n  \"actions\": [\r\n    {\r\n      \"verb\": \"createSPList\",\r\n      \"listName\": \"[[LOvertime_Request_Emp0001_listName]]\",\r\n      \"templateType\": 100,\r\n      \"color\": \"[[LOvertime_Request_Emp0001_color]]\",\r\n      \"icon\": \"[[LOvertime_Request_Emp0001_icon]]\",\r\n      \"addNavLink\": \"[[LOvertime_Request_Emp0001_addNavLink]]\",\r\n      \"description\": \"[[LOvertime_Request_Emp0001_description]]\",\r\n      \"identity\": \"LOvertime_Request_Emp0001\",\r\n      \"subactions\": [\r\n        {\r\n          \"verb\": \"addSPFieldXml\",\r\n          \"schemaXml\": \"<Field ID=\\\"{fa564e0f-0c70-4ab9-b863-0177e6ddd247}\\\" Type=\\\"Text\\\" Name=\\\"Title\\\" DisplayName=\\\"Title\\\" Required=\\\"TRUE\\\" SourceID=\\\"http://schemas.microsoft.com/sharepoint/v3\\\" StaticName=\\\"Title\\\" FromBaseType=\\\"TRUE\\\" MaxLength=\\\"255\\\" />\"\r\n        },\r\n        {\r\n          \"verb\": \"addSPFieldXml\",\r\n          \"schemaXml\": \"<Field DisplayName=\\\"StartTime\\\" FriendlyDisplayFormat=\\\"Relative\\\" Format=\\\"DateTime\\\" IsModern=\\\"TRUE\\\" Name=\\\"StartTime\\\" Title=\\\"StartTime\\\" Type=\\\"DateTime\\\" ID=\\\"{12213463-cb9a-4d38-8f85-3589274e7c4c}\\\" StaticName=\\\"StartTime\\\" />\"\r\n        },\r\n        {\r\n          \"verb\": \"addSPFieldXml\",\r\n          \"schemaXml\": \"<Field DisplayName=\\\"EndTime\\\" FriendlyDisplayFormat=\\\"Disabled\\\" Format=\\\"DateTime\\\" IsModern=\\\"TRUE\\\" Name=\\\"EndTime\\\" Title=\\\"EndTime\\\" Type=\\\"DateTime\\\" ID=\\\"{23302c6d-5680-4b14-8e0b-869d8f4be9a8}\\\" StaticName=\\\"EndTime\\\" />\"\r\n        },\r\n        {\r\n          \"verb\": \"addSPFieldXml\",\r\n          \"schemaXml\": \"<Field CustomFormatter=\\\"{&quot;elmType&quot;:&quot;div&quot;,&quot;style&quot;:{&quot;flex-wrap&quot;:&quot;wrap&quot;,&quot;display&quot;:&quot;flex&quot;},&quot;children&quot;:[{&quot;elmType&quot;:&quot;div&quot;,&quot;style&quot;:{&quot;box-sizing&quot;:&quot;border-box&quot;,&quot;padding&quot;:&quot;4px 8px 5px 8px&quot;,&quot;overflow&quot;:&quot;hidden&quot;,&quot;text-overflow&quot;:&quot;ellipsis&quot;,&quot;display&quot;:&quot;flex&quot;,&quot;border-radius&quot;:&quot;16px&quot;,&quot;height&quot;:&quot;24px&quot;,&quot;align-items&quot;:&quot;center&quot;,&quot;white-space&quot;:&quot;nowrap&quot;,&quot;margin&quot;:&quot;4px 4px 4px 4px&quot;},&quot;attributes&quot;:{&quot;class&quot;:{&quot;operator&quot;:&quot;:&quot;,&quot;operands&quot;:[{&quot;operator&quot;:&quot;==&quot;,&quot;operands&quot;:[&quot;@currentField&quot;,&quot;Paid&quot;]},&quot;sp-css-backgroundColor-BgCornflowerBlue sp-field-fontSizeSmall sp-css-color-CornflowerBlueFont&quot;,{&quot;operator&quot;:&quot;:&quot;,&quot;operands&quot;:[{&quot;operator&quot;:&quot;==&quot;,&quot;operands&quot;:[&quot;@currentField&quot;,&quot;Comp&quot;]},&quot;sp-css-backgroundColor-BgMintGreen sp-field-fontSizeSmall sp-css-color-MintGreenFont&quot;,{&quot;operator&quot;:&quot;:&quot;,&quot;operands&quot;:[{&quot;operator&quot;:&quot;==&quot;,&quot;operands&quot;:[&quot;@currentField&quot;,&quot;&quot;]},&quot;&quot;,&quot;sp-field-borderAllRegular sp-field-borderAllSolid sp-css-borderColor-neutralSecondary&quot;]}]}]}},&quot;txtContent&quot;:&quot;@currentField&quot;}],&quot;templateId&quot;:&quot;BgColorChoicePill&quot;}\\\" DisplayName=\\\"Employee Preference\\\" FillInChoice=\\\"FALSE\\\" Format=\\\"Dropdown\\\" IsModern=\\\"TRUE\\\" Name=\\\"EmployeePreference\\\" Title=\\\"Employee Preference\\\" Type=\\\"Choice\\\" ID=\\\"{c999f220-c925-4431-9f82-f7efb37cb342}\\\" StaticName=\\\"EmployeePreference\\\"><CHOICES><CHOICE>Paid</CHOICE><CHOICE>Comp</CHOICE></CHOICES></Field>\"\r\n        },\r\n        {\r\n          \"verb\": \"addSPFieldXml\",\r\n          \"schemaXml\": \"<Field DisplayName=\\\"Employee Name\\\" Format=\\\"Dropdown\\\" IsModern=\\\"TRUE\\\" MaxLength=\\\"255\\\" Name=\\\"EmployeeName\\\" Title=\\\"Employee Name\\\" Type=\\\"Text\\\" ID=\\\"{47cebd01-c9e8-4041-8dfa-154210ea119e}\\\" StaticName=\\\"EmployeeName\\\" />\"\r\n        },\r\n        {\r\n          \"verb\": \"addSPFieldXml\",\r\n          \"schemaXml\": \"<Field DisplayName=\\\"Employee ID\\\" Format=\\\"Dropdown\\\" IsModern=\\\"TRUE\\\" MaxLength=\\\"255\\\" Name=\\\"EmployeeID\\\" Title=\\\"Employee ID\\\" Type=\\\"Text\\\" ID=\\\"{ba7e02c7-949b-4a8b-bf73-8069d336763d}\\\" StaticName=\\\"EmployeeID\\\" />\"\r\n        },\r\n        {\r\n          \"verb\": \"addSPFieldXml\",\r\n          \"schemaXml\": \"<Field DisplayName=\\\"Employee Title\\\" Format=\\\"Dropdown\\\" IsModern=\\\"TRUE\\\" MaxLength=\\\"255\\\" Name=\\\"EmployeeTitle\\\" Title=\\\"Employee Title\\\" Type=\\\"Text\\\" ID=\\\"{68e4f2bb-af19-4e75-811c-fa7e07dcb568}\\\" StaticName=\\\"EmployeeTitle\\\" />\"\r\n        },\r\n        {\r\n          \"verb\": \"addSPFieldXml\",\r\n          \"schemaXml\": \"<Field ID=\\\"{82642ec8-ef9b-478f-acf9-31f7d45fbc31}\\\" ReadOnly=\\\"TRUE\\\" Type=\\\"Computed\\\" Name=\\\"LinkTitle\\\" DisplayName=\\\"Title\\\" DisplayNameSrcField=\\\"Title\\\" ClassInfo=\\\"Menu\\\" AuthoringInfo=\\\"(linked to item with edit menu)\\\" ListItemMenuAllowed=\\\"Required\\\" LinkToItemAllowed=\\\"Prohibited\\\" SourceID=\\\"http://schemas.microsoft.com/sharepoint/v3\\\" StaticName=\\\"LinkTitle\\\" FromBaseType=\\\"TRUE\\\"><FieldRefs><FieldRef Name=\\\"Title\\\" /><FieldRef Name=\\\"LinkTitleNoMenu\\\" /><FieldRef Name=\\\"_EditMenuTableStart2\\\" /><FieldRef Name=\\\"_EditMenuTableEnd\\\" /></FieldRefs><DisplayPattern><FieldSwitch><Expr><GetVar Name=\\\"FreeForm\\\" /></Expr><Case Value=\\\"TRUE\\\"><Field Name=\\\"LinkTitleNoMenu\\\" /></Case><Default><HTML><![CDATA[<div class=\\\"ms-vb itx\\\" onmouseover=\\\"OnItem(this)\\\" CTXName=\\\"ctx]]></HTML><Field Name=\\\"_EditMenuTableStart2\\\" /><HTML><![CDATA[\\\">]]></HTML><Field Name=\\\"LinkTitleNoMenu\\\" /><HTML><![CDATA[</div>]]></HTML><HTML><![CDATA[<div class=\\\"s4-ctx\\\" onmouseover=\\\"OnChildItem(this.parentNode); return false;\\\">]]></HTML><HTML><![CDATA[<span>&nbsp;</span>]]></HTML><HTML><![CDATA[<a onfocus=\\\"OnChildItem(this.parentNode.parentNode); return false;\\\" onclick=\\\"PopMenuFromChevron(event); return false;\\\" href=\\\"javascript:;\\\" title=\\\"Open Menu\\\"></a>]]></HTML><HTML><![CDATA[<span>&nbsp;</span>]]></HTML><HTML><![CDATA[</div>]]></HTML></Default></FieldSwitch></DisplayPattern></Field>\"\r\n        },\r\n        {\r\n          \"verb\": \"addContentType\",\r\n          \"name\": \"Item\",\r\n          \"id\": \"0x01\",\r\n          \"fieldRefsXml\": [\r\n            \"<FieldRef ID=\\\"{fa564e0f-0c70-4ab9-b863-0177e6ddd247}\\\" Name=\\\"Title\\\" />\",\r\n            \"<FieldRef ID=\\\"{82642ec8-ef9b-478f-acf9-31f7d45fbc31}\\\" Name=\\\"LinkTitle\\\" DisplayName=\\\"Title\\\" ReadOnly=\\\"TRUE\\\" />\",\r\n            \"<FieldRef ID=\\\"{12213463-cb9a-4d38-8f85-3589274e7c4c}\\\" Name=\\\"StartTime\\\" />\",\r\n            \"<FieldRef ID=\\\"{23302c6d-5680-4b14-8e0b-869d8f4be9a8}\\\" Name=\\\"EndTime\\\" />\",\r\n            \"<FieldRef ID=\\\"{c999f220-c925-4431-9f82-f7efb37cb342}\\\" Name=\\\"EmployeePreference\\\" />\",\r\n            \"<FieldRef ID=\\\"{47cebd01-c9e8-4041-8dfa-154210ea119e}\\\" Name=\\\"EmployeeName\\\" />\",\r\n            \"<FieldRef ID=\\\"{ba7e02c7-949b-4a8b-bf73-8069d336763d}\\\" Name=\\\"EmployeeID\\\" />\",\r\n            \"<FieldRef ID=\\\"{68e4f2bb-af19-4e75-811c-fa7e07dcb568}\\\" Name=\\\"EmployeeTitle\\\" />\"\r\n          ]\r\n        },\r\n        {\r\n          \"verb\": \"addContentType\",\r\n          \"name\": \"Folder\",\r\n          \"id\": \"0x0120\"\r\n        },\r\n        {\r\n          \"verb\": \"addSPView\",\r\n          \"name\": \"All Items\",\r\n          \"viewFields\": [\r\n            \"LinkTitle\",\r\n            \"StartTime\",\r\n            \"EndTime\",\r\n            \"EmployeePreference\",\r\n            \"EmployeeName\",\r\n            \"EmployeeID\",\r\n            \"EmployeeTitle\"\r\n          ],\r\n          \"query\": \"\",\r\n          \"rowLimit\": 30,\r\n          \"isPaged\": true,\r\n          \"makeDefault\": true,\r\n          \"formatterJSON\": \"\",\r\n          \"replaceViewFields\": true\r\n        }\r\n      ]\r\n    }\r\n  ],\r\n  \"bindings\": {\r\n    \"LOvertime_Request_Emp0001_listName\": {\r\n      \"source\": \"Input\",\r\n      \"defaultValue\": \"Overtime Request Employee\"\r\n    },\r\n    \"LOvertime_Request_Emp0001_icon\": {\r\n      \"source\": \"Input\",\r\n      \"defaultValue\": \"2\"\r\n    },\r\n    \"LOvertime_Request_Emp0001_description\": {\r\n      \"source\": \"Input\",\r\n      \"defaultValue\": \" \"\r\n    },\r\n    \"LOvertime_Request_Emp0001_color\": {\r\n      \"source\": \"Input\",\r\n      \"defaultValue\": \"7\"\r\n    },\r\n    \"LOvertime_Request_Emp0001_addNavLink\": {\r\n      \"source\": \"Input\",\r\n      \"defaultValue\": \"true\"\r\n    }\r\n  }\r\n}"
            }
          }
        }
      }
    },
    "templateName": ""
  },
  "schemaVersion": "1.0.0.0"
}