{
  "properties": {
    "connectionReferences": {
      "shared_sharepointonline_1": {
        "runtimeSource": "invoker",
        "connection": {
          "connectionReferenceLogicalName": "massjud_SPOList"
        },
        "api": {
          "name": "shared_sharepointonline"
        }
      }
    },
    "definition": {
      "$schema": "https://schema.management.azure.com/providers/Microsoft.Logic/schemas/2016-06-01/workflowdefinition.json#",
      "contentVersion": "1.0.0.0",
      "parameters": {
        "$connections": {
          "defaultValue": {},
          "type": "Object"
        },
        "$authentication": {
          "defaultValue": {},
          "type": "SecureObject"
        }
      },
      "triggers": {
        "manual": {
          "metadata": {
            "operationMetadataId": "368bc954-74ae-47cf-990e-724b22a31d97"
          },
          "type": "Request",
          "kind": "Button",
          "inputs": {
            "schema": {
              "type": "object",
              "properties": {},
              "required": []
            }
          }
        }
      },
      "actions": {
        "Send_an_HTTP_request_to_SharePoint": {
          "runAfter": {
            "Parse_JSON": [
              "Succeeded"
            ]
          },
          "metadata": {
            "operationMetadataId": "819bad89-23ed-45e7-bd27-6762e1ae4141"
          },
          "type": "OpenApiConnection",
          "inputs": {
            "host": {
              "connectionName": "shared_sharepointonline_1",
              "operationId": "HttpRequest",
              "apiId": "/providers/Microsoft.PowerApps/apis/shared_sharepointonline"
            },
            "parameters": {
              "dataset": "https://gov210645.sharepoint.com/sites/LaptopRequest",
              "parameters/method": "POST",
              "parameters/uri": "_api/Microsoft.Sharepoint.Utilities.WebTemplateExtensions.SiteScriptUtility.ExecuteTemplateScript()",
              "parameters/headers": {
                "accept": "application/json;odata=verbose",
                "content-type": "application/json;odata=verbose"
              },
              "parameters/body": "{\"script\": \"@{replace(replace(string(body('Parse_JSON')),'\\','\\\\'),'\"','\\\"')}\"}"
            },
            "authentication": {
              "type": "Raw",
              "value": "@json(decodeBase64(triggerOutputs().headers['X-MS-APIM-Tokens']))['$ConnectionKey']"
            }
          }
        },
        "Parse_JSON": {
          "runAfter": {
            "Compose": [
              "Succeeded"
            ]
          },
          "metadata": {
            "operationMetadataId": "2fb910fb-849f-4420-aa5e-8142f6153793"
          },
          "type": "ParseJson",
          "inputs": {
            "content": "@outputs('Compose')?['d']?['GetSiteScriptFromList']",
            "schema": {
              "type": "object",
              "properties": {
                "d": {
                  "type": "object",
                  "properties": {
                    "GetSiteScriptFromList": {
                      "type": "string"
                    }
                  }
                }
              }
            }
          }
        },
        "Compose": {
          "runAfter": {},
          "metadata": {
            "operationMetadataId": "84e26de8-46a3-4143-b4f0-a03eb34d13d5"
          },
          "type": "Compose",
          "inputs": {
            "d": {
              "GetSiteScriptFromList": "{\r\n  \"$schema\": \"https://developer.microsoft.com/json-schemas/sp/site-design-script-actions.schema.json\",\r\n  \"actions\": [\r\n    {\r\n      \"verb\": \"createSPList\",\r\n      \"listName\": \"[[LLocation0002_listName]]\",\r\n      \"templateType\": 100,\r\n      \"color\": \"[[LLocation0002_color]]\",\r\n      \"icon\": \"[[LLocation0002_icon]]\",\r\n      \"addNavLink\": \"[[LLocation0002_addNavLink]]\",\r\n      \"description\": \"[[LLocation0002_description]]\",\r\n      \"identity\": \"LLocation0002\",\r\n      \"subactions\": [\r\n        {\r\n          \"verb\": \"addSPFieldXml\",\r\n          \"schemaXml\": \"<Field ID=\\\"{fa564e0f-0c70-4ab9-b863-0177e6ddd247}\\\" Type=\\\"Text\\\" Name=\\\"Title\\\" DisplayName=\\\"Title\\\" Required=\\\"TRUE\\\" SourceID=\\\"http://schemas.microsoft.com/sharepoint/v3\\\" StaticName=\\\"Title\\\" FromBaseType=\\\"TRUE\\\" MaxLength=\\\"255\\\" />\"\r\n        },\r\n        {\r\n          \"verb\": \"addSPFieldXml\",\r\n          \"schemaXml\": \"<Field DisplayName=\\\"Region\\\" Format=\\\"Dropdown\\\" IsModern=\\\"TRUE\\\" MaxLength=\\\"255\\\" Name=\\\"Region\\\" Title=\\\"Region\\\" Type=\\\"Text\\\" ID=\\\"{db20fff8-112b-408b-9c8e-0fe30cfdc985}\\\" StaticName=\\\"Region\\\" />\"\r\n        },\r\n        {\r\n          \"verb\": \"addSPFieldXml\",\r\n          \"schemaXml\": \"<Field ID=\\\"{82642ec8-ef9b-478f-acf9-31f7d45fbc31}\\\" ReadOnly=\\\"TRUE\\\" Type=\\\"Computed\\\" Name=\\\"LinkTitle\\\" DisplayName=\\\"Title\\\" DisplayNameSrcField=\\\"Title\\\" ClassInfo=\\\"Menu\\\" AuthoringInfo=\\\"(linked to item with edit menu)\\\" ListItemMenuAllowed=\\\"Required\\\" LinkToItemAllowed=\\\"Prohibited\\\" SourceID=\\\"http://schemas.microsoft.com/sharepoint/v3\\\" StaticName=\\\"LinkTitle\\\" FromBaseType=\\\"TRUE\\\"><FieldRefs><FieldRef Name=\\\"Title\\\" /><FieldRef Name=\\\"LinkTitleNoMenu\\\" /><FieldRef Name=\\\"_EditMenuTableStart2\\\" /><FieldRef Name=\\\"_EditMenuTableEnd\\\" /></FieldRefs><DisplayPattern><FieldSwitch><Expr><GetVar Name=\\\"FreeForm\\\" /></Expr><Case Value=\\\"TRUE\\\"><Field Name=\\\"LinkTitleNoMenu\\\" /></Case><Default><HTML><![CDATA[<div class=\\\"ms-vb itx\\\" onmouseover=\\\"OnItem(this)\\\" CTXName=\\\"ctx]]></HTML><Field Name=\\\"_EditMenuTableStart2\\\" /><HTML><![CDATA[\\\">]]></HTML><Field Name=\\\"LinkTitleNoMenu\\\" /><HTML><![CDATA[</div>]]></HTML><HTML><![CDATA[<div class=\\\"s4-ctx\\\" onmouseover=\\\"OnChildItem(this.parentNode); return false;\\\">]]></HTML><HTML><![CDATA[<span>&nbsp;</span>]]></HTML><HTML><![CDATA[<a onfocus=\\\"OnChildItem(this.parentNode.parentNode); return false;\\\" onclick=\\\"PopMenuFromChevron(event); return false;\\\" href=\\\"javascript:;\\\" title=\\\"Open Menu\\\"></a>]]></HTML><HTML><![CDATA[<span>&nbsp;</span>]]></HTML><HTML><![CDATA[</div>]]></HTML></Default></FieldSwitch></DisplayPattern></Field>\"\r\n        },\r\n        {\r\n          \"verb\": \"addContentType\",\r\n          \"name\": \"Item\",\r\n          \"id\": \"0x01\",\r\n          \"fieldRefsXml\": [\r\n            \"<FieldRef ID=\\\"{fa564e0f-0c70-4ab9-b863-0177e6ddd247}\\\" Name=\\\"Title\\\" />\",\r\n            \"<FieldRef ID=\\\"{82642ec8-ef9b-478f-acf9-31f7d45fbc31}\\\" Name=\\\"LinkTitle\\\" DisplayName=\\\"Title\\\" ReadOnly=\\\"TRUE\\\" />\",\r\n            \"<FieldRef ID=\\\"{db20fff8-112b-408b-9c8e-0fe30cfdc985}\\\" Name=\\\"Region\\\" />\"\r\n          ]\r\n        },\r\n        {\r\n          \"verb\": \"addContentType\",\r\n          \"name\": \"Folder\",\r\n          \"id\": \"0x0120\"\r\n        },\r\n        {\r\n          \"verb\": \"addSPView\",\r\n          \"name\": \"All Items\",\r\n          \"viewFields\": [\r\n            \"LinkTitle\",\r\n            \"Region\"\r\n          ],\r\n          \"query\": \"\",\r\n          \"rowLimit\": 30,\r\n          \"isPaged\": true,\r\n          \"makeDefault\": true,\r\n          \"formatterJSON\": \"\",\r\n          \"replaceViewFields\": true\r\n        }\r\n      ]\r\n    },\r\n    {\r\n      \"verb\": \"createSPList\",\r\n      \"listName\": \"[[LFacilities_Managemen0001_listName]]\",\r\n      \"templateType\": 100,\r\n      \"color\": \"[[LFacilities_Managemen0001_color]]\",\r\n      \"icon\": \"[[LFacilities_Managemen0001_icon]]\",\r\n      \"addNavLink\": \"[[LFacilities_Managemen0001_addNavLink]]\",\r\n      \"description\": \"[[LFacilities_Managemen0001_description]]\",\r\n      \"identity\": \"LFacilities_Managemen0001\",\r\n      \"subactions\": [\r\n        {\r\n          \"verb\": \"addSPFieldXml\",\r\n          \"schemaXml\": \"<Field ID=\\\"{fa564e0f-0c70-4ab9-b863-0177e6ddd247}\\\" Type=\\\"Text\\\" Name=\\\"Title\\\" DisplayName=\\\"Title\\\" Required=\\\"TRUE\\\" SourceID=\\\"http://schemas.microsoft.com/sharepoint/v3\\\" StaticName=\\\"Title\\\" FromBaseType=\\\"TRUE\\\" MaxLength=\\\"255\\\" />\"\r\n        },\r\n        {\r\n          \"verb\": \"addSPFieldXml\",\r\n          \"schemaXml\": \"<Field DisplayName=\\\"FirstName\\\" Format=\\\"Dropdown\\\" IsModern=\\\"TRUE\\\" MaxLength=\\\"255\\\" Name=\\\"FirstName\\\" Title=\\\"FirstName\\\" Type=\\\"Text\\\" ID=\\\"{21af1327-31ad-4d16-8c29-8a3df0ef753b}\\\" StaticName=\\\"FirstName\\\" />\"\r\n        },\r\n        {\r\n          \"verb\": \"addSPFieldXml\",\r\n          \"schemaXml\": \"<Field DisplayName=\\\"LastName\\\" Format=\\\"Dropdown\\\" IsModern=\\\"TRUE\\\" MaxLength=\\\"255\\\" Name=\\\"LastName\\\" Title=\\\"LastName\\\" Type=\\\"Text\\\" ID=\\\"{39fd9d37-8c0a-437d-9b02-579b22275b40}\\\" StaticName=\\\"LastName\\\" />\"\r\n        },\r\n        {\r\n          \"verb\": \"addSPLookupFieldXml\",\r\n          \"schemaXml\": \"<Field ClientSideComponentId=\\\"00000000-0000-0000-0000-000000000000\\\" DisplayName=\\\"Location\\\" Format=\\\"Dropdown\\\" Indexed=\\\"FALSE\\\" Name=\\\"Location\\\" ShowField=\\\"Title\\\" Title=\\\"Location\\\" Type=\\\"Lookup\\\" ID=\\\"{e31ec3ee-7516-4af1-a6bc-2acefc7184f7}\\\" StaticName=\\\"Location\\\" />\",\r\n          \"targetListName\": \"Location\"\r\n        },\r\n        {\r\n          \"verb\": \"addSPFieldXml\",\r\n          \"schemaXml\": \"<Field CustomFormatter=\\\"{&quot;elmType&quot;:&quot;div&quot;,&quot;style&quot;:{&quot;flex-wrap&quot;:&quot;wrap&quot;,&quot;display&quot;:&quot;flex&quot;},&quot;children&quot;:[{&quot;elmType&quot;:&quot;div&quot;,&quot;style&quot;:{&quot;box-sizing&quot;:&quot;border-box&quot;,&quot;padding&quot;:&quot;4px 8px 5px 8px&quot;,&quot;overflow&quot;:&quot;hidden&quot;,&quot;text-overflow&quot;:&quot;ellipsis&quot;,&quot;display&quot;:&quot;flex&quot;,&quot;border-radius&quot;:&quot;16px&quot;,&quot;height&quot;:&quot;24px&quot;,&quot;align-items&quot;:&quot;center&quot;,&quot;white-space&quot;:&quot;nowrap&quot;,&quot;margin&quot;:&quot;4px 4px 4px 4px&quot;},&quot;attributes&quot;:{&quot;class&quot;:{&quot;operator&quot;:&quot;:&quot;,&quot;operands&quot;:[{&quot;operator&quot;:&quot;==&quot;,&quot;operands&quot;:[&quot;@currentField&quot;,&quot;Normal Operation&quot;]},&quot;sp-css-backgroundColor-BgCornflowerBlue sp-field-fontSizeSmall sp-css-color-CornflowerBlueFont&quot;,{&quot;operator&quot;:&quot;:&quot;,&quot;operands&quot;:[{&quot;operator&quot;:&quot;==&quot;,&quot;operands&quot;:[&quot;@currentField&quot;,&quot;Emergency Closure&quot;]},&quot;sp-css-backgroundColor-BgMintGreen sp-field-fontSizeSmall sp-css-color-MintGreenFont&quot;,{&quot;operator&quot;:&quot;:&quot;,&quot;operands&quot;:[{&quot;operator&quot;:&quot;==&quot;,&quot;operands&quot;:[&quot;@currentField&quot;,&quot;&quot;]},&quot;&quot;,&quot;sp-field-borderAllRegular sp-field-borderAllSolid sp-css-borderColor-neutralSecondary&quot;]}]}]}},&quot;txtContent&quot;:&quot;@currentField&quot;}],&quot;templateId&quot;:&quot;BgColorChoicePill&quot;}\\\" DisplayName=\\\"Courthouse Status\\\" FillInChoice=\\\"FALSE\\\" Format=\\\"Dropdown\\\" IsModern=\\\"TRUE\\\" Name=\\\"CourthouseStatus\\\" Title=\\\"Courthouse Status\\\" Type=\\\"Choice\\\" ID=\\\"{850f582b-0880-4437-b512-fa44e97794de}\\\" StaticName=\\\"CourthouseStatus\\\"><CHOICES><CHOICE>Normal Operation</CHOICE><CHOICE>Emergency Closure</CHOICE></CHOICES></Field>\"\r\n        },\r\n        {\r\n          \"verb\": \"addSPFieldXml\",\r\n          \"schemaXml\": \"<Field CustomFormatter=\\\"{&quot;elmType&quot;:&quot;div&quot;,&quot;style&quot;:{&quot;flex-wrap&quot;:&quot;wrap&quot;,&quot;display&quot;:&quot;flex&quot;},&quot;children&quot;:[{&quot;elmType&quot;:&quot;div&quot;,&quot;style&quot;:{&quot;box-sizing&quot;:&quot;border-box&quot;,&quot;padding&quot;:&quot;4px 8px 5px 8px&quot;,&quot;overflow&quot;:&quot;hidden&quot;,&quot;text-overflow&quot;:&quot;ellipsis&quot;,&quot;display&quot;:&quot;flex&quot;,&quot;border-radius&quot;:&quot;16px&quot;,&quot;height&quot;:&quot;24px&quot;,&quot;align-items&quot;:&quot;center&quot;,&quot;white-space&quot;:&quot;nowrap&quot;,&quot;margin&quot;:&quot;4px 4px 4px 4px&quot;},&quot;attributes&quot;:{&quot;class&quot;:{&quot;operator&quot;:&quot;:&quot;,&quot;operands&quot;:[{&quot;operator&quot;:&quot;==&quot;,&quot;operands&quot;:[&quot;@currentField&quot;,&quot;Emergency/Weather&quot;]},&quot;sp-css-backgroundColor-BgCornflowerBlue sp-field-fontSizeSmall sp-css-color-CornflowerBlueFont&quot;,{&quot;operator&quot;:&quot;:&quot;,&quot;operands&quot;:[{&quot;operator&quot;:&quot;==&quot;,&quot;operands&quot;:[&quot;@currentField&quot;,&quot;Shift Coverage&quot;]},&quot;sp-css-backgroundColor-BgMintGreen sp-field-fontSizeSmall sp-css-color-MintGreenFont&quot;,{&quot;operator&quot;:&quot;:&quot;,&quot;operands&quot;:[{&quot;operator&quot;:&quot;==&quot;,&quot;operands&quot;:[&quot;@currentField&quot;,&quot;Scheduled Project&quot;]},&quot;sp-css-backgroundColor-BgGold sp-field-fontSizeSmall sp-css-color-GoldFont&quot;,{&quot;operator&quot;:&quot;:&quot;,&quot;operands&quot;:[{&quot;operator&quot;:&quot;==&quot;,&quot;operands&quot;:[&quot;@currentField&quot;,&quot;&quot;]},&quot;&quot;,{&quot;operator&quot;:&quot;:&quot;,&quot;operands&quot;:[{&quot;operator&quot;:&quot;==&quot;,&quot;operands&quot;:[&quot;@currentField&quot;,&quot;Training&quot;]},&quot;sp-css-backgroundColor-BgCoral sp-field-fontSizeSmall sp-css-color-CoralFont&quot;,&quot;sp-field-borderAllRegular sp-field-borderAllSolid sp-css-borderColor-neutralSecondary&quot;]}]}]}]}]}},&quot;txtContent&quot;:&quot;@currentField&quot;}],&quot;templateId&quot;:&quot;BgColorChoicePill&quot;}\\\" DisplayName=\\\"Category\\\" FillInChoice=\\\"FALSE\\\" Format=\\\"Dropdown\\\" IsModern=\\\"TRUE\\\" Name=\\\"Category\\\" Title=\\\"Category\\\" Type=\\\"Choice\\\" ID=\\\"{d62970ab-a2e8-4b0a-bc9e-13edecd382ff}\\\" StaticName=\\\"Category\\\"><CHOICES><CHOICE>Emergency/Weather</CHOICE><CHOICE>Shift Coverage</CHOICE><CHOICE>Scheduled Project</CHOICE><CHOICE>Training</CHOICE></CHOICES></Field>\"\r\n        },\r\n        {\r\n          \"verb\": \"addSPFieldXml\",\r\n          \"schemaXml\": \"<Field DisplayName=\\\"Reason for Closure\\\" Format=\\\"Dropdown\\\" IsModern=\\\"TRUE\\\" MaxLength=\\\"255\\\" Name=\\\"ReasonforClosure\\\" Title=\\\"Reason for Closure\\\" Type=\\\"Text\\\" ID=\\\"{d30eca22-6a16-4594-b83c-2437518e13de}\\\" StaticName=\\\"ReasonforClosure\\\" />\"\r\n        },\r\n        {\r\n          \"verb\": \"addSPFieldXml\",\r\n          \"schemaXml\": \"<Field CustomFormatter=\\\"{&quot;elmType&quot;:&quot;div&quot;,&quot;style&quot;:{&quot;flex-wrap&quot;:&quot;wrap&quot;,&quot;display&quot;:&quot;flex&quot;},&quot;children&quot;:[{&quot;elmType&quot;:&quot;div&quot;,&quot;style&quot;:{&quot;box-sizing&quot;:&quot;border-box&quot;,&quot;padding&quot;:&quot;4px 8px 5px 8px&quot;,&quot;overflow&quot;:&quot;hidden&quot;,&quot;text-overflow&quot;:&quot;ellipsis&quot;,&quot;display&quot;:&quot;flex&quot;,&quot;border-radius&quot;:&quot;16px&quot;,&quot;height&quot;:&quot;24px&quot;,&quot;align-items&quot;:&quot;center&quot;,&quot;white-space&quot;:&quot;nowrap&quot;,&quot;margin&quot;:&quot;4px 4px 4px 4px&quot;},&quot;attributes&quot;:{&quot;class&quot;:{&quot;operator&quot;:&quot;:&quot;,&quot;operands&quot;:[{&quot;operator&quot;:&quot;==&quot;,&quot;operands&quot;:[&quot;@currentField&quot;,&quot;Full Day&quot;]},&quot;sp-css-backgroundColor-BgCornflowerBlue sp-field-fontSizeSmall sp-css-color-CornflowerBlueFont&quot;,{&quot;operator&quot;:&quot;:&quot;,&quot;operands&quot;:[{&quot;operator&quot;:&quot;==&quot;,&quot;operands&quot;:[&quot;@currentField&quot;,&quot;Partial Day&quot;]},&quot;sp-css-backgroundColor-BgMintGreen sp-field-fontSizeSmall sp-css-color-MintGreenFont&quot;,{&quot;operator&quot;:&quot;:&quot;,&quot;operands&quot;:[{&quot;operator&quot;:&quot;==&quot;,&quot;operands&quot;:[&quot;@currentField&quot;,&quot;&quot;]},&quot;&quot;,&quot;sp-field-borderAllRegular sp-field-borderAllSolid sp-css-borderColor-neutralSecondary&quot;]}]}]}},&quot;txtContent&quot;:&quot;@currentField&quot;}],&quot;templateId&quot;:&quot;BgColorChoicePill&quot;}\\\" DisplayName=\\\"Type of Closure\\\" FillInChoice=\\\"FALSE\\\" Format=\\\"Dropdown\\\" IsModern=\\\"TRUE\\\" Name=\\\"TypeofClosure\\\" Title=\\\"Type of Closure\\\" Type=\\\"Choice\\\" ID=\\\"{fabaa6e0-e2f5-4d07-a944-6b68a9292913}\\\" StaticName=\\\"TypeofClosure\\\"><CHOICES><CHOICE>Full Day</CHOICE><CHOICE>Partial Day</CHOICE></CHOICES></Field>\"\r\n        },\r\n        {\r\n          \"verb\": \"addSPFieldXml\",\r\n          \"schemaXml\": \"<Field AppendOnly=\\\"FALSE\\\" DisplayName=\\\"Brief Reason for Request\\\" Format=\\\"Dropdown\\\" IsModern=\\\"TRUE\\\" IsolateStyles=\\\"FALSE\\\" Name=\\\"BriefReasonforRequest\\\" RichText=\\\"FALSE\\\" RichTextMode=\\\"Compatible\\\" Title=\\\"Brief Reason for Request\\\" Type=\\\"Note\\\" ID=\\\"{21af113e-4167-4258-8651-8d32fa15ea34}\\\" StaticName=\\\"BriefReasonforRequest\\\" />\"\r\n        },\r\n        {\r\n          \"verb\": \"addSPFieldXml\",\r\n          \"schemaXml\": \"<Field DisplayName=\\\"Actual Date of Overtime\\\" FriendlyDisplayFormat=\\\"Disabled\\\" Format=\\\"DateOnly\\\" IsModern=\\\"TRUE\\\" Name=\\\"ActualDateofOvertime\\\" Title=\\\"Actual Date of Overtime\\\" Type=\\\"DateTime\\\" ID=\\\"{7bf377e0-e5e1-4fbc-a79a-1a2f891d6c31}\\\" StaticName=\\\"ActualDateofOvertime\\\" />\"\r\n        },\r\n        {\r\n          \"verb\": \"addSPLookupFieldXml\",\r\n          \"schemaXml\": \"<Field ClientSideComponentId=\\\"00000000-0000-0000-0000-000000000000\\\" DisplayName=\\\"Location: Region\\\" FieldRef=\\\"e31ec3ee-7516-4af1-a6bc-2acefc7184f7\\\" Format=\\\"Dropdown\\\" IsModern=\\\"TRUE\\\" Name=\\\"Location_x003a__x0020_Region\\\" ShowField=\\\"Region\\\" Title=\\\"Location: Region\\\" Type=\\\"Lookup\\\" ID=\\\"{5c1d6751-59fe-44da-906f-b1aad45b4b36}\\\" StaticName=\\\"Location_x003a__x0020_Region\\\" ReadOnly=\\\"TRUE\\\" />\",\r\n          \"targetListName\": \"Location\"\r\n        },\r\n        {\r\n          \"verb\": \"addSPFieldXml\",\r\n          \"schemaXml\": \"<Field ID=\\\"{82642ec8-ef9b-478f-acf9-31f7d45fbc31}\\\" ReadOnly=\\\"TRUE\\\" Type=\\\"Computed\\\" Name=\\\"LinkTitle\\\" DisplayName=\\\"Title\\\" DisplayNameSrcField=\\\"Title\\\" ClassInfo=\\\"Menu\\\" AuthoringInfo=\\\"(linked to item with edit menu)\\\" ListItemMenuAllowed=\\\"Required\\\" LinkToItemAllowed=\\\"Prohibited\\\" SourceID=\\\"http://schemas.microsoft.com/sharepoint/v3\\\" StaticName=\\\"LinkTitle\\\" FromBaseType=\\\"TRUE\\\"><FieldRefs><FieldRef Name=\\\"Title\\\" /><FieldRef Name=\\\"LinkTitleNoMenu\\\" /><FieldRef Name=\\\"_EditMenuTableStart2\\\" /><FieldRef Name=\\\"_EditMenuTableEnd\\\" /></FieldRefs><DisplayPattern><FieldSwitch><Expr><GetVar Name=\\\"FreeForm\\\" /></Expr><Case Value=\\\"TRUE\\\"><Field Name=\\\"LinkTitleNoMenu\\\" /></Case><Default><HTML><![CDATA[<div class=\\\"ms-vb itx\\\" onmouseover=\\\"OnItem(this)\\\" CTXName=\\\"ctx]]></HTML><Field Name=\\\"_EditMenuTableStart2\\\" /><HTML><![CDATA[\\\">]]></HTML><Field Name=\\\"LinkTitleNoMenu\\\" /><HTML><![CDATA[</div>]]></HTML><HTML><![CDATA[<div class=\\\"s4-ctx\\\" onmouseover=\\\"OnChildItem(this.parentNode); return false;\\\">]]></HTML><HTML><![CDATA[<span>&nbsp;</span>]]></HTML><HTML><![CDATA[<a onfocus=\\\"OnChildItem(this.parentNode.parentNode); return false;\\\" onclick=\\\"PopMenuFromChevron(event); return false;\\\" href=\\\"javascript:;\\\" title=\\\"Open Menu\\\"></a>]]></HTML><HTML><![CDATA[<span>&nbsp;</span>]]></HTML><HTML><![CDATA[</div>]]></HTML></Default></FieldSwitch></DisplayPattern></Field>\"\r\n        },\r\n        {\r\n          \"verb\": \"addContentType\",\r\n          \"name\": \"Item\",\r\n          \"id\": \"0x01\",\r\n          \"fieldRefsXml\": [\r\n            \"<FieldRef ID=\\\"{fa564e0f-0c70-4ab9-b863-0177e6ddd247}\\\" Name=\\\"Title\\\" />\",\r\n            \"<FieldRef ID=\\\"{82642ec8-ef9b-478f-acf9-31f7d45fbc31}\\\" Name=\\\"LinkTitle\\\" DisplayName=\\\"Title\\\" ReadOnly=\\\"TRUE\\\" />\",\r\n            \"<FieldRef ID=\\\"{21af1327-31ad-4d16-8c29-8a3df0ef753b}\\\" Name=\\\"FirstName\\\" />\",\r\n            \"<FieldRef ID=\\\"{39fd9d37-8c0a-437d-9b02-579b22275b40}\\\" Name=\\\"LastName\\\" />\",\r\n            \"<FieldRef ID=\\\"{e31ec3ee-7516-4af1-a6bc-2acefc7184f7}\\\" Name=\\\"Location\\\" DisplayName=\\\"Location\\\" Format=\\\"Dropdown\\\" />\",\r\n            \"<FieldRef ID=\\\"{850f582b-0880-4437-b512-fa44e97794de}\\\" Name=\\\"CourthouseStatus\\\" />\",\r\n            \"<FieldRef ID=\\\"{d62970ab-a2e8-4b0a-bc9e-13edecd382ff}\\\" Name=\\\"Category\\\" />\",\r\n            \"<FieldRef ID=\\\"{d30eca22-6a16-4594-b83c-2437518e13de}\\\" Name=\\\"ReasonforClosure\\\" />\",\r\n            \"<FieldRef ID=\\\"{fabaa6e0-e2f5-4d07-a944-6b68a9292913}\\\" Name=\\\"TypeofClosure\\\" />\",\r\n            \"<FieldRef ID=\\\"{21af113e-4167-4258-8651-8d32fa15ea34}\\\" Name=\\\"BriefReasonforRequest\\\" />\",\r\n            \"<FieldRef ID=\\\"{7bf377e0-e5e1-4fbc-a79a-1a2f891d6c31}\\\" Name=\\\"ActualDateofOvertime\\\" />\",\r\n            \"<FieldRef ID=\\\"{5c1d6751-59fe-44da-906f-b1aad45b4b36}\\\" Name=\\\"Location_x003a__x0020_Region\\\" DisplayName=\\\"Location: Region\\\" ReadOnly=\\\"TRUE\\\" Format=\\\"Dropdown\\\" />\"\r\n          ]\r\n        },\r\n        {\r\n          \"verb\": \"addContentType\",\r\n          \"name\": \"Folder\",\r\n          \"id\": \"0x0120\"\r\n        },\r\n        {\r\n          \"verb\": \"addSPView\",\r\n          \"name\": \"All Items\",\r\n          \"viewFields\": [\r\n            \"LinkTitle\",\r\n            \"FirstName\",\r\n            \"LastName\",\r\n            \"Location\",\r\n            \"CourthouseStatus\",\r\n            \"Category\",\r\n            \"ReasonforClosure\",\r\n            \"TypeofClosure\",\r\n            \"BriefReasonforRequest\",\r\n            \"ActualDateofOvertime\",\r\n            \"Location_x003a__x0020_Region\"\r\n          ],\r\n          \"query\": \"\",\r\n          \"rowLimit\": 30,\r\n          \"isPaged\": true,\r\n          \"makeDefault\": true,\r\n          \"formatterJSON\": \"\",\r\n          \"replaceViewFields\": true\r\n        }\r\n      ]\r\n    }\r\n  ],\r\n  \"bindings\": {\r\n    \"LFacilities_Managemen0001_listName\": {\r\n      \"source\": \"Input\",\r\n      \"defaultValue\": \"Facilities Management Overtime Request and Authorization\"\r\n    },\r\n    \"LFacilities_Managemen0001_icon\": {\r\n      \"source\": \"Input\",\r\n      \"defaultValue\": \"7\"\r\n    },\r\n    \"LFacilities_Managemen0001_description\": {\r\n      \"source\": \"Input\",\r\n      \"defaultValue\": \" \"\r\n    },\r\n    \"LFacilities_Managemen0001_color\": {\r\n      \"source\": \"Input\",\r\n      \"defaultValue\": \"11\"\r\n    },\r\n    \"LFacilities_Managemen0001_addNavLink\": {\r\n      \"source\": \"Input\",\r\n      \"defaultValue\": \"true\"\r\n    },\r\n    \"LLocation0002_listName\": {\r\n      \"source\": \"Input\",\r\n      \"defaultValue\": \"Location\"\r\n    },\r\n    \"LLocation0002_icon\": {\r\n      \"source\": \"Input\",\r\n      \"defaultValue\": \"2\"\r\n    },\r\n    \"LLocation0002_description\": {\r\n      \"source\": \"Input\",\r\n      \"defaultValue\": \" \"\r\n    },\r\n    \"LLocation0002_color\": {\r\n      \"source\": \"Input\",\r\n      \"defaultValue\": \"6\"\r\n    },\r\n    \"LLocation0002_addNavLink\": {\r\n      \"source\": \"Input\",\r\n      \"defaultValue\": \"true\"\r\n    }\r\n  }\r\n}"
            }
          }
        }
      }
    },
    "templateName": ""
  },
  "schemaVersion": "1.0.0.0"
}