{
  "properties": {
    "connectionReferences": {
      "shared_sharepointonline": {
        "runtimeSource": "embedded",
        "connection": {
          "connectionReferenceLogicalName": "new_sharedsharepointonline_88c93"
        },
        "api": {
          "name": "shared_sharepointonline"
        }
      }
    },
    "definition": {
      "$schema": "https://schema.management.azure.com/providers/Microsoft.Logic/schemas/2016-06-01/workflowdefinition.json#",
      "contentVersion": "1.0.0.0",
      "parameters": {
        "$connections": {
          "defaultValue": {},
          "type": "Object"
        },
        "$authentication": {
          "defaultValue": {},
          "type": "SecureObject"
        }
      },
      "triggers": {
        "Recurrence": {
          "recurrence": {
            "frequency": "Week",
            "interval": 1,
            "startTime": "2023-08-01T15:00:00Z",
            "schedule": {
              "weekDays": [
                "Sunday",
                "Monday",
                "Tuesday",
                "Thursday",
                "Friday",
                "Saturday"
              ]
            }
          },
          "metadata": {
            "operationMetadataId": "ea452f45-9732-4795-9ab7-dab1daffa1bb"
          },
          "type": "Recurrence"
        }
      },
      "actions": {
        "Get_items": {
          "runAfter": {},
          "metadata": {
            "operationMetadataId": "06120af4-ef83-4506-bb33-36635b40ce9f"
          },
          "type": "OpenApiConnection",
          "inputs": {
            "host": {
              "connectionName": "shared_sharepointonline",
              "operationId": "GetItems",
              "apiId": "/providers/Microsoft.PowerApps/apis/shared_sharepointonline"
            },
            "parameters": {
              "dataset": "https://gov210645.sharepoint.com/sites/MassJud",
              "table": "4df82101-1696-408d-8e47-92aa19032125"
            },
            "authentication": "@parameters('$authentication')"
          }
        },
        "Compose": {
          "runAfter": {
            "Get_items": [
              "Succeeded"
            ]
          },
          "metadata": {
            "operationMetadataId": "9ea422cb-9dc3-4671-ae85-a1b44a7eb244"
          },
          "type": "Compose",
          "inputs": "@outputs('Get_items')?['body/value']"
        },
        "Parse_JSON": {
          "runAfter": {
            "Compose": [
              "Succeeded"
            ]
          },
          "metadata": {
            "operationMetadataId": "9c4062c6-10cf-4fa3-a83b-e49e75d68d97"
          },
          "type": "ParseJson",
          "inputs": {
            "content": "@outputs('Get_items')?['body/value']",
            "schema": {
              "type": "array",
              "items": {
                "type": "object",
                "properties": {
                  "@@odata.etag": {
                    "type": "string"
                  },
                  "ItemInternalId": {
                    "type": "string"
                  },
                  "ID": {
                    "type": "integer"
                  },
                  "Title": {
                    "type": "string"
                  },
                  "StartTime": {
                    "type": "string"
                  },
                  "EndTime": {
                    "type": "string"
                  },
                  "EmployeePreference": {
                    "type": "object",
                    "properties": {
                      "@@odata.type": {
                        "type": "string"
                      },
                      "Id": {
                        "type": "integer"
                      },
                      "Value": {
                        "type": "string"
                      }
                    }
                  },
                  "EmployeePreference#Id": {
                    "type": "integer"
                  },
                  "EmployeeName": {
                    "type": "string"
                  },
                  "EmployeeID": {
                    "type": "string"
                  },
                  "Modified": {
                    "type": "string"
                  },
                  "Created": {
                    "type": "string"
                  },
                  "Author": {
                    "type": "object",
                    "properties": {
                      "@@odata.type": {
                        "type": "string"
                      },
                      "Claims": {
                        "type": "string"
                      },
                      "DisplayName": {
                        "type": "string"
                      },
                      "Email": {
                        "type": "string"
                      },
                      "Picture": {
                        "type": "string"
                      },
                      "Department": {
                        "type": "string"
                      },
                      "JobTitle": {
                        "type": "string"
                      }
                    }
                  },
                  "Author#Claims": {
                    "type": "string"
                  },
                  "Editor": {
                    "type": "object",
                    "properties": {
                      "@@odata.type": {
                        "type": "string"
                      },
                      "Claims": {
                        "type": "string"
                      },
                      "DisplayName": {
                        "type": "string"
                      },
                      "Email": {
                        "type": "string"
                      },
                      "Picture": {
                        "type": "string"
                      },
                      "Department": {
                        "type": "string"
                      },
                      "JobTitle": {
                        "type": "string"
                      }
                    }
                  },
                  "Editor#Claims": {
                    "type": "string"
                  },
                  "{Identifier}": {
                    "type": "string"
                  },
                  "{IsFolder}": {
                    "type": "boolean"
                  },
                  "{Thumbnail}": {
                    "type": "object",
                    "properties": {
                      "Large": {},
                      "Medium": {},
                      "Small": {}
                    }
                  },
                  "{Link}": {
                    "type": "string"
                  },
                  "{Name}": {
                    "type": "string"
                  },
                  "{FilenameWithExtension}": {
                    "type": "string"
                  },
                  "{Path}": {
                    "type": "string"
                  },
                  "{FullPath}": {
                    "type": "string"
                  },
                  "{HasAttachments}": {
                    "type": "boolean"
                  },
                  "{VersionNumber}": {
                    "type": "string"
                  }
                },
                "required": [
                  "@@odata.etag",
                  "ItemInternalId",
                  "ID",
                  "Title",
                  "StartTime",
                  "EndTime",
                  "EmployeePreference",
                  "EmployeePreference#Id",
                  "EmployeeName",
                  "EmployeeID",
                  "Modified",
                  "Created",
                  "Author",
                  "Author#Claims",
                  "Editor",
                  "Editor#Claims",
                  "{Identifier}",
                  "{IsFolder}",
                  "{Thumbnail}",
                  "{Link}",
                  "{Name}",
                  "{FilenameWithExtension}",
                  "{Path}",
                  "{FullPath}",
                  "{HasAttachments}",
                  "{VersionNumber}"
                ]
              }
            }
          }
        },
        "Create_HTML_table": {
          "runAfter": {
            "Parse_JSON": [
              "Succeeded"
            ]
          },
          "metadata": {
            "operationMetadataId": "93a1eb6d-91a0-43a6-8417-4afeffc2dad8"
          },
          "type": "Table",
          "inputs": {
            "from": "@body('Parse_JSON')",
            "format": "HTML"
          }
        }
      }
    },
    "templateName": null
  },
  "schemaVersion": "1.0.0.0"
}