{
  "properties": {
    "connectionReferences": {
      "shared_sharepointonline": {
        "runtimeSource": "embedded",
        "connection": {
          "connectionReferenceLogicalName": "new_sharedsharepointonline_88c93"
        },
        "api": {
          "name": "shared_sharepointonline"
        }
      },
      "shared_office365users": {
        "runtimeSource": "embedded",
        "connection": {
          "connectionReferenceLogicalName": "massjud_sharedoffice365users_f90cd"
        },
        "api": {
          "name": "shared_office365users"
        }
      },
      "shared_approvals": {
        "runtimeSource": "embedded",
        "connection": {
          "connectionReferenceLogicalName": "massjud_sharedapprovals_5bd5e"
        },
        "api": {
          "name": "shared_approvals"
        }
      },
      "shared_office365": {
        "runtimeSource": "embedded",
        "connection": {
          "connectionReferenceLogicalName": "cr3f6_sharedoffice365_25e6e"
        },
        "api": {
          "name": "shared_office365"
        }
      }
    },
    "definition": {
      "$schema": "https://schema.management.azure.com/providers/Microsoft.Logic/schemas/2016-06-01/workflowdefinition.json#",
      "contentVersion": "1.0.0.0",
      "parameters": {
        "$connections": {
          "defaultValue": {},
          "type": "Object"
        },
        "$authentication": {
          "defaultValue": {},
          "type": "SecureObject"
        }
      },
      "triggers": {
        "When_an_item_is_created": {
          "recurrence": {
            "interval": 1,
            "frequency": "Minute"
          },
          "splitOn": "@triggerOutputs()?['body/value']",
          "metadata": {
            "operationMetadataId": "635a3ca8-2b01-4dbf-8048-bee83952c051"
          },
          "type": "OpenApiConnection",
          "inputs": {
            "host": {
              "connectionName": "shared_sharepointonline",
              "operationId": "GetOnNewItems",
              "apiId": "/providers/Microsoft.PowerApps/apis/shared_sharepointonline"
            },
            "parameters": {
              "dataset": "https://gov210645.sharepoint.com/sites/MassJud",
              "table": "5566b4da-b061-4532-b6c3-bba137c2b3ff"
            },
            "authentication": "@parameters('$authentication')"
          }
        }
      },
      "actions": {
        "Get_user_profile_(V2)": {
          "runAfter": {
            "Initialize_variable": [
              "Succeeded"
            ]
          },
          "metadata": {
            "operationMetadataId": "908a40f5-d15a-48b6-a51d-28e212cbebb6"
          },
          "type": "OpenApiConnection",
          "inputs": {
            "host": {
              "connectionName": "shared_office365users",
              "operationId": "UserProfile_V2",
              "apiId": "/providers/Microsoft.PowerApps/apis/shared_office365users"
            },
            "parameters": {
              "id": "@triggerOutputs()?['body/Author/Email']"
            },
            "authentication": "@parameters('$authentication')"
          }
        },
        "Get_manager_(V2)": {
          "runAfter": {
            "Get_user_profile_(V2)": [
              "Succeeded"
            ]
          },
          "metadata": {
            "operationMetadataId": "7ba84c5f-4113-4799-a1e1-24f5e32af19d"
          },
          "type": "OpenApiConnection",
          "inputs": {
            "host": {
              "connectionName": "shared_office365users",
              "operationId": "Manager_V2",
              "apiId": "/providers/Microsoft.PowerApps/apis/shared_office365users"
            },
            "parameters": {
              "id": "@outputs('Get_user_profile_(V2)')?['body/id']"
            },
            "authentication": "@parameters('$authentication')"
          }
        },
        "Start_and_wait_for_an_approval": {
          "runAfter": {
            "Get_manager_(V2)": [
              "Succeeded"
            ]
          },
          "metadata": {
            "operationMetadataId": "9ef3f402-a209-42c5-8766-8b990edddee3"
          },
          "type": "OpenApiConnectionWebhook",
          "inputs": {
            "host": {
              "connectionName": "shared_approvals",
              "operationId": "StartAndWaitForAnApproval",
              "apiId": "/providers/Microsoft.PowerApps/apis/shared_approvals"
            },
            "parameters": {
              "approvalType": "Basic",
              "WebhookApprovalCreationInput/title": "Overtime Approval for @{triggerOutputs()?['body/Title']}",
              "WebhookApprovalCreationInput/assignedTo": "@{outputs('Get_manager_(V2)')?['body/mail']};",
              "WebhookApprovalCreationInput/enableNotifications": true,
              "WebhookApprovalCreationInput/enableReassignment": true
            },
            "authentication": "@parameters('$authentication')"
          }
        },
        "Get_item": {
          "runAfter": {},
          "metadata": {
            "operationMetadataId": "991665fa-2b55-479c-81b8-9143b1aca26f"
          },
          "type": "OpenApiConnection",
          "inputs": {
            "host": {
              "connectionName": "shared_sharepointonline",
              "operationId": "GetItem",
              "apiId": "/providers/Microsoft.PowerApps/apis/shared_sharepointonline"
            },
            "parameters": {
              "dataset": "https://gov210645.sharepoint.com/sites/MassJud",
              "table": "5566b4da-b061-4532-b6c3-bba137c2b3ff",
              "id": "@triggerOutputs()?['body/ID']"
            },
            "authentication": "@parameters('$authentication')"
          }
        },
        "Condition_-_Manager": {
          "actions": {
            "Start_and_wait_for_an_approval_-_Regional_Manager": {
              "runAfter": {},
              "metadata": {
                "operationMetadataId": "2cbaa819-6b0d-463c-9d80-bedf03a63ea2"
              },
              "type": "OpenApiConnectionWebhook",
              "inputs": {
                "host": {
                  "connectionName": "shared_approvals",
                  "operationId": "StartAndWaitForAnApproval",
                  "apiId": "/providers/Microsoft.PowerApps/apis/shared_approvals"
                },
                "parameters": {
                  "approvalType": "BasicAwaitAll",
                  "WebhookApprovalCreationInput/title": "Overtime Approval for @{triggerOutputs()?['body/Title']}",
                  "WebhookApprovalCreationInput/assignedTo": "@{outputs('Get_item')?['body/Location_x003a__x0020_RegionalMa']};",
                  "WebhookApprovalCreationInput/enableNotifications": true,
                  "WebhookApprovalCreationInput/enableReassignment": true
                },
                "authentication": "@parameters('$authentication')"
              }
            },
            "Condition_-_RegionalManager": {
              "actions": {
                "Start_and_wait_for_an_approval_-_Finance": {
                  "runAfter": {},
                  "metadata": {
                    "operationMetadataId": "3212aa46-4519-4cb6-800a-d3ba3f5a67d3"
                  },
                  "type": "OpenApiConnectionWebhook",
                  "inputs": {
                    "host": {
                      "connectionName": "shared_approvals",
                      "operationId": "StartAndWaitForAnApproval",
                      "apiId": "/providers/Microsoft.PowerApps/apis/shared_approvals"
                    },
                    "parameters": {
                      "approvalType": "Basic",
                      "WebhookApprovalCreationInput/title": "Overtime Approval for @{triggerOutputs()?['body/Title']}",
                      "WebhookApprovalCreationInput/assignedTo": "@{variables('varFinanceEmail')};",
                      "WebhookApprovalCreationInput/enableNotifications": true,
                      "WebhookApprovalCreationInput/enableReassignment": true
                    },
                    "authentication": "@parameters('$authentication')"
                  }
                },
                "Condition_-_Finance": {
                  "actions": {
                    "Send_an_email_(V2)": {
                      "runAfter": {},
                      "metadata": {
                        "operationMetadataId": "ab2e3d7b-27fe-49e0-8d57-53c619d5de79"
                      },
                      "type": "OpenApiConnection",
                      "inputs": {
                        "host": {
                          "connectionName": "shared_office365",
                          "operationId": "SendEmailV2",
                          "apiId": "/providers/Microsoft.PowerApps/apis/shared_office365"
                        },
                        "parameters": {
                          "emailMessage/To": "@outputs('Get_user_profile_(V2)')?['body/mail']",
                          "emailMessage/Subject": "Overtime Approval for @{triggerOutputs()?['body/Title']} has been Approved",
                          "emailMessage/Body": "<p>Overtime Approval for @{triggerOutputs()?['body/Title']} has been Approved</p>",
                          "emailMessage/Cc": "@{outputs('Get_manager_(V2)')?['body/mail']};@{outputs('Get_item')?['body/Location_x003a__x0020_RegionalMa']};@{variables('varFinanceEmail')}",
                          "emailMessage/Importance": "Normal"
                        },
                        "authentication": "@parameters('$authentication')"
                      }
                    }
                  },
                  "runAfter": {
                    "Start_and_wait_for_an_approval_-_Finance": [
                      "Succeeded"
                    ]
                  },
                  "expression": {
                    "equals": [
                      "@outputs('Start_and_wait_for_an_approval_-_Finance')?['body/outcome']",
                      "Approve"
                    ]
                  },
                  "metadata": {
                    "operationMetadataId": "3add3a99-76f2-4347-b7e0-e32bac8acf18"
                  },
                  "type": "If"
                }
              },
              "runAfter": {
                "Start_and_wait_for_an_approval_-_Regional_Manager": [
                  "Succeeded"
                ]
              },
              "expression": {
                "equals": [
                  "@outputs('Start_and_wait_for_an_approval_-_Regional_Manager')?['body/outcome']",
                  "Approve"
                ]
              },
              "metadata": {
                "operationMetadataId": "86fb080e-0638-4b13-8911-f7c74ea89092"
              },
              "type": "If"
            }
          },
          "runAfter": {
            "Start_and_wait_for_an_approval": [
              "Succeeded"
            ]
          },
          "expression": {
            "equals": [
              "@outputs('Start_and_wait_for_an_approval')?['body/outcome']",
              "Approve"
            ]
          },
          "metadata": {
            "operationMetadataId": "2a7c30db-7a40-403e-b2f2-2456a5adef4c"
          },
          "type": "If"
        },
        "Initialize_variable": {
          "runAfter": {
            "Get_item": [
              "Succeeded"
            ]
          },
          "metadata": {
            "operationMetadataId": "264a9fb3-5496-44ca-bfa8-5f207a782c9a"
          },
          "type": "InitializeVariable",
          "inputs": {
            "variables": [
              {
                "name": "varFinanceEmail",
                "type": "string",
                "value": "admin@GOV210645.OnMicrosoft.com"
              }
            ]
          }
        }
      }
    },
    "templateName": null
  },
  "schemaVersion": "1.0.0.0"
}