<ImportExportXml version="9.2.23063.172" SolutionPackageVersion="9.2" languagecode="1033" generatedBy="CrmLive" xmlns:xsi="http://www.w3.org/2001/XMLSchema-instance">
  <SolutionManifest>
    <UniqueName>MassJudApps</UniqueName>
    <LocalizedNames>
      <LocalizedName description="Mass Jud Apps" languagecode="1033" />
    </LocalizedNames>
    <Descriptions />
    <Version>1.0.0.2</Version>
    <Managed>0</Managed>
    <Publisher>
      <UniqueName>MassJud</UniqueName>
      <LocalizedNames>
        <LocalizedName description="MassJud" languagecode="1033" />
      </LocalizedNames>
      <Descriptions />
      <EMailAddress xsi:nil="true"></EMailAddress>
      <SupportingWebsiteUrl xsi:nil="true"></SupportingWebsiteUrl>
      <CustomizationPrefix>massjud</CustomizationPrefix>
      <CustomizationOptionValuePrefix>60229</CustomizationOptionValuePrefix>
      <Addresses>
        <Address>
          <AddressNumber>1</AddressNumber>
          <AddressTypeCode>1</AddressTypeCode>
          <City xsi:nil="true"></City>
          <County xsi:nil="true"></County>
          <Country xsi:nil="true"></Country>
          <Fax xsi:nil="true"></Fax>
          <FreightTermsCode xsi:nil="true"></FreightTermsCode>
          <ImportSequenceNumber xsi:nil="true"></ImportSequenceNumber>
          <Latitude xsi:nil="true"></Latitude>
          <Line1 xsi:nil="true"></Line1>
          <Line2 xsi:nil="true"></Line2>
          <Line3 xsi:nil="true"></Line3>
          <Longitude xsi:nil="true"></Longitude>
          <Name xsi:nil="true"></Name>
          <PostalCode xsi:nil="true"></PostalCode>
          <PostOfficeBox xsi:nil="true"></PostOfficeBox>
          <PrimaryContactName xsi:nil="true"></PrimaryContactName>
          <ShippingMethodCode>1</ShippingMethodCode>
          <StateOrProvince xsi:nil="true"></StateOrProvince>
          <Telephone1 xsi:nil="true"></Telephone1>
          <Telephone2 xsi:nil="true"></Telephone2>
          <Telephone3 xsi:nil="true"></Telephone3>
          <TimeZoneRuleVersionNumber xsi:nil="true"></TimeZoneRuleVersionNumber>
          <UPSZone xsi:nil="true"></UPSZone>
          <UTCOffset xsi:nil="true"></UTCOffset>
          <UTCConversionTimeZoneCode xsi:nil="true"></UTCConversionTimeZoneCode>
        </Address>
        <Address>
          <AddressNumber>2</AddressNumber>
          <AddressTypeCode>1</AddressTypeCode>
          <City xsi:nil="true"></City>
          <County xsi:nil="true"></County>
          <Country xsi:nil="true"></Country>
          <Fax xsi:nil="true"></Fax>
          <FreightTermsCode xsi:nil="true"></FreightTermsCode>
          <ImportSequenceNumber xsi:nil="true"></ImportSequenceNumber>
          <Latitude xsi:nil="true"></Latitude>
          <Line1 xsi:nil="true"></Line1>
          <Line2 xsi:nil="true"></Line2>
          <Line3 xsi:nil="true"></Line3>
          <Longitude xsi:nil="true"></Longitude>
          <Name xsi:nil="true"></Name>
          <PostalCode xsi:nil="true"></PostalCode>
          <PostOfficeBox xsi:nil="true"></PostOfficeBox>
          <PrimaryContactName xsi:nil="true"></PrimaryContactName>
          <ShippingMethodCode>1</ShippingMethodCode>
          <StateOrProvince xsi:nil="true"></StateOrProvince>
          <Telephone1 xsi:nil="true"></Telephone1>
          <Telephone2 xsi:nil="true"></Telephone2>
          <Telephone3 xsi:nil="true"></Telephone3>
          <TimeZoneRuleVersionNumber xsi:nil="true"></TimeZoneRuleVersionNumber>
          <UPSZone xsi:nil="true"></UPSZone>
          <UTCOffset xsi:nil="true"></UTCOffset>
          <UTCConversionTimeZoneCode xsi:nil="true"></UTCConversionTimeZoneCode>
        </Address>
      </Addresses>
    </Publisher>
    <RootComponents>
      <RootComponent type="29" id="{34629429-7930-ee11-bdf4-001dd804e07e}" behavior="0" />
      <RootComponent type="29" id="{4aadbba8-7830-ee11-bdf4-001dd804e53f}" behavior="0" />
      <RootComponent type="29" id="{5032fab0-c92f-ee11-bdf4-001dd804efd7}" behavior="0" />
      <RootComponent type="29" id="{932f3403-db2f-ee11-bdf4-001dd804efd7}" behavior="0" />
      <RootComponent type="29" id="{b112097e-d92f-ee11-bdf4-001dd804ebc2}" behavior="0" />
      <RootComponent type="29" id="{cc22834a-da2f-ee11-bdf4-001dd804ebc2}" behavior="0" />
      <RootComponent type="29" id="{d9b894de-d72f-ee11-bdf4-001dd804ebc2}" behavior="0" />
      <RootComponent type="29" id="{f3bdc8c9-d82f-ee11-bdf4-001dd804ebc2}" behavior="0" />
      <RootComponent type="300" schemaName="massjud_babelmessageapp_04444" behavior="0" />
      <RootComponent type="300" schemaName="massjud_facilitiesmanagementovertimerequestandauthorization_267a1" behavior="0" />
      <RootComponent type="300" schemaName="massjud_facilitiesmanagementservicepurchaserequest_92244" behavior="0" />
      <RootComponent type="300" schemaName="massjud_facilitiesmanagementservicerequestform_0e95d" behavior="0" />
    </RootComponents>
    <MissingDependencies>
      <MissingDependency>
        <Required type="connectionreference" displayName="cr3f6_sharedoffice365_25e6e" solution="Active" id.connectionreferencelogicalname="cr3f6_sharedoffice365_25e6e" />
        <Dependent type="29" displayName="OvertimeRouting" id="{4aadbba8-7830-ee11-bdf4-001dd804e53f}" />
      </MissingDependency>
      <MissingDependency>
        <Required type="connectionreference" displayName="new_sharedsharepointonline_88c93" solution="Active" id.connectionreferencelogicalname="new_sharedsharepointonline_88c93" />
        <Dependent type="29" displayName="Get Employee Overtime Details" id="{34629429-7930-ee11-bdf4-001dd804e07e}" />
      </MissingDependency>
      <MissingDependency>
        <Required type="connectionreference" displayName="new_sharedsharepointonline_88c93" solution="Active" id.connectionreferencelogicalname="new_sharedsharepointonline_88c93" />
        <Dependent type="29" displayName="OvertimeRouting" id="{4aadbba8-7830-ee11-bdf4-001dd804e53f}" />
      </MissingDependency>
    </MissingDependencies>
  </SolutionManifest>
</ImportExportXml>